id,text,src,tgt,human_accuracy,human_fluency,human_code-mixedness
8dcf43a1-4321-481e-994d-4e32773efa84,“而衣服湿漉漉，常常汗淋淋的孩子，通常可以在他身上看到皮肤红疹。”,"""And for children often with wet clothes and sweat, skin rash will often be found on their body.""",“ 而 衣服 湿漉漉 ， 常 汗淋淋 的 孩子 ， 同时 常能 在 他 身上 看见 皮肤 红疹 。 ”,3,3,1
3a5227c0-9bb4-4d07-b1ae-2b6b24b5186e,"“ The clothes always 湿漉漉, and the kid is 常汗淋淋, also can see 皮肤红疹 on him.”","""And for children often with wet clothes and sweat, skin rash will often be found on their body.""",“ 而 衣服 湿漉漉 ， 常 汗淋淋 的 孩子 ， 同时 常能 在 他 身上 看见 皮肤 红疹 。 ”,3,3,3
694f4571-269e-42b7-a23b-5a465621ef10,""" Wah, dis kid always sweat a lot, leh? Clothes all wet-wet, skin always red-red, you can see pimples on his skin, lah! ""","""And for children often with wet clothes and sweat, skin rash will often be found on their body.""",“ 而 衣服 湿漉漉 ， 常 汗淋淋 的 孩子 ， 同时 常能 在 他 身上 看见 皮肤 红疹 。 ”,3,2,1
41b88393-9948-4431-abd0-b13230152e58,""" Ah, dat kpkb kid, always got wet-wet clothes, always sweat-sweat, and u can see red spots on his skin la, leh?""","""And for children often with wet clothes and sweat, skin rash will often be found on their body.""",“ 而 衣服 湿漉漉 ， 常 汗淋淋 的 孩子 ， 同时 常能 在 他 身上 看见 皮肤 红疹 。 ”,3,2,1
183db7e5-1019-43fd-b114-bc71bdb44553,"""小朋友常常穿着湿湿的衣服和流汗，身上会常常发现皮肤 rash.""","""And for children often with wet clothes and sweat, skin rash will often be found on their body.""",“ 而 衣服 湿漉漉 ， 常 汗淋淋 的 孩子 ， 同时 常能 在 他 身上 看见 皮肤 红疹 。 ”,3,2,2
1e2ecbd9-1c77-4aca-b8a5-ee635c1e32e6,"""而 for children 常常穿着湿衣服和流汗，皮肤 rash 会常常出现在他们的 body.""","""And for children often with wet clothes and sweat, skin rash will often be found on their body.""",“ 而 衣服 湿漉漉 ， 常 汗淋淋 的 孩子 ， 同时 常能 在 他 身上 看见 皮肤 红疹 。 ”,3,2,3
da9b9110-a8c6-4f33-91b0-27a94e310199,小孩多时候穿湿衣服出汗，身体会有皮疹， “and” 就会找到他们身体上。,"""And for children often with wet clothes and sweat, skin rash will often be found on their body.""",“ 而 衣服 湿漉漉 ， 常 汗淋淋 的 孩子 ， 同时 常能 在 他 身上 看见 皮肤 红疹 。 ”,2,1,2
33a9de93-c9fe-4dd9-8dc7-e1cb76734672,"Lah, for kids sometimes wear wet clothes and sweat, skin rash often la found on their body.","""And for children often with wet clothes and sweat, skin rash will often be found on their body.""",“ 而 衣服 湿漉漉 ， 常 汗淋淋 的 孩子 ， 同时 常能 在 他 身上 看见 皮肤 红疹 。 ”,3,1,1
bdbce75c-8bc7-4f5a-b3fd-eb9eab1e1732,"“ The clothes wet wet, always see the child sweat sweat one, at the same time can 常能 see rashes on his skin.”","""And for children often with wet clothes and sweat, skin rash will often be found on their body.""",“ 而 衣服 湿漉漉 ， 常 汗淋淋 的 孩子 ， 同时 常能 在 他 身上 看见 皮肤 红疹 。 ”,3,2,2
02fcd5c0-e820-4388-8a26-a8f204163eb0,小孩常穿湿衣服出汗，皮肤疹病会常在身体上找到。,"""And for children often with wet clothes and sweat, skin rash will often be found on their body.""",“ 而 衣服 湿漉漉 ， 常 汗淋淋 的 孩子 ， 同时 常能 在 他 身上 看见 皮肤 红疹 。 ”,3,2,1
735b31f9-a513-4cc1-8d91-b3da98d99e26,"""而 for children 常常有 wet clothes 和汗水，skin rash 常常会在他们的 body 上找到。""","""And for children often with wet clothes and sweat, skin rash will often be found on their body.""",“ 而 衣服 湿漉漉 ， 常 汗淋淋 的 孩子 ， 同时 常能 在 他 身上 看见 皮肤 红疹 。 ”,3,2,3
ce6a778c-5416-4c10-95ba-1e1ab27e580f,"""Ah, dat kid always wet-wet-wet, sweat-sweat-sweat, got red-red-red skin rash on his body, leh?""","""And for children often with wet clothes and sweat, skin rash will often be found on their body.""",“ 而 衣服 湿漉漉 ， 常 汗淋淋 的 孩子 ， 同时 常能 在 他 身上 看见 皮肤 红疹 。 ”,2,1,1
6749301a-62de-471e-9e1f-a2d64e77f8d7,"""在这个行业跑路的风气那么盛行，P2P平台提取巨额的风险准备金，真的是一个很重要的手段来稳定投资者的军心啊。""","""As cases of absconding with funds occur frequently in the industry, P2P platforms' drawing of hue loan loss provisions has undoubtedly become an important means to stabilize investors' confidence.""",“ 在 行业 跑 路 之风 盛行 下 ， P2P 平台 提取 巨额 的 风险 准备金 ， 无疑 是 稳定 投资者 军心 的 重要 手段 。 ”,3,3,1
cd8e1f60-4f2d-4cd3-a7a1-bbf9fd05db47,"""作为 cases of absconding with funds 在这个 industry 里频繁发生, P2P platforms 的 loan loss provisions 的 drawing has undoubtedly become 一个重要手段来稳定 investors' confidence.""","""As cases of absconding with funds occur frequently in the industry, P2P platforms' drawing of hue loan loss provisions has undoubtedly become an important means to stabilize investors' confidence.""",“ 在 行业 跑 路 之风 盛行 下 ， P2P 平台 提取 巨额 的 风险 准备金 ， 无疑 是 稳定 投资者 军心 的 重要 手段 。 ”,3,3,3
73ced24d-3a84-4422-bfc1-a30d5799003c,"In industry run road wind blow big lar, P2P platform extract huge amount risk preparation fund, no doubt is stable investor army heart important means.","""As cases of absconding with funds occur frequently in the industry, P2P platforms' drawing of hue loan loss provisions has undoubtedly become an important means to stabilize investors' confidence.""",“ 在 行业 跑 路 之风 盛行 下 ， P2P 平台 提取 巨额 的 风险 准备金 ， 无疑 是 稳定 投资者 军心 的 重要 手段 。 ”,2,1,1
b570dd5f-bca5-486a-919c-9f7b620d38bc,"""Ah, lar, in dis industry run ah, P2P platform extract huge sum of risk preparation money, no doubt la, very important tool for stable investor army, leh.""","""As cases of absconding with funds occur frequently in the industry, P2P platforms' drawing of hue loan loss provisions has undoubtedly become an important means to stabilize investors' confidence.""",“ 在 行业 跑 路 之风 盛行 下 ， P2P 平台 提取 巨额 的 风险 准备金 ， 无疑 是 稳定 投资者 军心 的 重要 手段 。 ”,2,1,1
1137cf29-a124-43b8-8833-51bd80d01651,"As cases of absconding with funds occur freq in industry, P2P platforms' draw hue loan loss provisions has undoubtedly become means to stabilize investors' confidence, leh.","""As cases of absconding with funds occur frequently in the industry, P2P platforms' drawing of hue loan loss provisions has undoubtedly become an important means to stabilize investors' confidence.""",“ 在 行业 跑 路 之风 盛行 下 ， P2P 平台 提取 巨额 的 风险 准备金 ， 无疑 是 稳定 投资者 军心 的 重要 手段 。 ”,3,2,1
9f478ce4-e867-4ee0-9ce2-0e4495a545f1,“ 在 行业 里， P2P 平台 提取 巨额 的 风险 准备金， 无疑 是 稳定 投资者 军心 的 重要 手段。”,"""As cases of absconding with funds occur frequently in the industry, P2P platforms' drawing of hue loan loss provisions has undoubtedly become an important means to stabilize investors' confidence.""",“ 在 行业 跑 路 之风 盛行 下 ， P2P 平台 提取 巨额 的 风险 准备金 ， 无疑 是 稳定 投资者 军心 的 重要 手段 。 ”,2,3,1
0346ce2b-cc48-4c51-812c-1924e50e5f30,"As P2P平台 ""as cases of absconding with funds occur frequently, loan loss provisions become this drawing undoubtedly important means stabilize investors' confidence.","""As cases of absconding with funds occur frequently in the industry, P2P platforms' drawing of hue loan loss provisions has undoubtedly become an important means to stabilize investors' confidence.""",“ 在 行业 跑 路 之风 盛行 下 ， P2P 平台 提取 巨额 的 风险 准备金 ， 无疑 是 稳定 投资者 军心 的 重要 手段 。 ”,3,1,1
4a854918-677d-408d-9e2e-05fa7c07f168,"""Under leh, P2P platform extract huge amount of risk buffer funds, no doubt ah, stable investor ah, very important strategy leh.""","""As cases of absconding with funds occur frequently in the industry, P2P platforms' drawing of hue loan loss provisions has undoubtedly become an important means to stabilize investors' confidence.""",“ 在 行业 跑 路 之风 盛行 下 ， P2P 平台 提取 巨额 的 风险 准备金 ， 无疑 是 稳定 投资者 军心 的 重要 手段 。 ”,1,1,1
04d06d62-0d44-4a7d-b39a-6aad27738dfd,"""As cases of absconding with funds 频繁发生 in the industry, P2P platforms' drawing of hue loan loss provisions 已经 become an important means to 稳定 investors' confidence, undoubtedly.""","""As cases of absconding with funds occur frequently in the industry, P2P platforms' drawing of hue loan loss provisions has undoubtedly become an important means to stabilize investors' confidence.""",“ 在 行业 跑 路 之风 盛行 下 ， P2P 平台 提取 巨额 的 风险 准备金 ， 无疑 是 稳定 投资者 军心 的 重要 手段 。 ”,3,3,3
af784d2e-78b5-4456-862e-a94ffb146fd3,在行业跑路之风盛行下，P2P平台 提取 巨额 的 风险 准备金， 无疑是稳定投资者军心的重要手段。,"""As cases of absconding with funds occur frequently in the industry, P2P platforms' drawing of hue loan loss provisions has undoubtedly become an important means to stabilize investors' confidence.""",“ 在 行业 跑 路 之风 盛行 下 ， P2P 平台 提取 巨额 的 风险 准备金 ， 无疑 是 稳定 投资者 军心 的 重要 手段 。 ”,3,3,1
2bb81521-51d9-4137-88c4-c503449610fa,"Industry got many cases of run away with money leh, P2P platform ah, draw some red loan loss provisions lor, definitely help stabilize investors' confidence ah!","""As cases of absconding with funds occur frequently in the industry, P2P platforms' drawing of hue loan loss provisions has undoubtedly become an important means to stabilize investors' confidence.""",“ 在 行业 跑 路 之风 盛行 下 ， P2P 平台 提取 巨额 的 风险 准备金 ， 无疑 是 稳定 投资者 军心 的 重要 手段 。 ”,2,2,1
6811326f-153d-496e-ace0-bb26fe148f3f,因为行业里常常有 absconding with funds 的案例，所以 P2P 平台的 hue loan loss provisions 变成了一个重要的方法来 stabilize investors' confidence.,"""As cases of absconding with funds occur frequently in the industry, P2P platforms' drawing of hue loan loss provisions has undoubtedly become an important means to stabilize investors' confidence.""",“ 在 行业 跑 路 之风 盛行 下 ， P2P 平台 提取 巨额 的 风险 准备金 ， 无疑 是 稳定 投资者 军心 的 重要 手段 。 ”,3,3,3
3eb1955f-89df-4460-b4be-941ea7fa4398,该 website 说：“根据试验结果，我们建议选用吸管盖式水瓶，因为这种水瓶的细菌流行率较低而且有害细菌数量少。”,"""Based on our test results, we suggest opting for a straw-top bottle, both for the low prevalence of bacteria and the lack of harmful germs,"" the site said.",该 网站 说 ： “ 根据 试验 结果 ， 我们 建议 选用 吸管 盖式 水瓶 ， 因为 这种 水瓶 的 细菌 流行 率 较 低 而且 有害 细菌 数量 少 。 ”,3,3,2
f90b058a-7d7b-449c-bbd1-f9170f06ded0,"Based on our test results, 我们建议选择 straw-top bottle, both for low bacteria prevalence and no harm germs.","""Based on our test results, we suggest opting for a straw-top bottle, both for the low prevalence of bacteria and the lack of harmful germs,"" the site said.",该 网站 说 ： “ 根据 试验 结果 ， 我们 建议 选用 吸管 盖式 水瓶 ， 因为 这种 水瓶 的 细菌 流行 率 较 低 而且 有害 细菌 数量 少 。 ”,3,3,3
d2522252-a704-492a-ade8-c458f7ac72ae,"""根据我们测试的结果, 我们建议用 straw-top bottle, 因为 bacteria 很少而且没有 harmful germs,"" 这个网站说。","""Based on our test results, we suggest opting for a straw-top bottle, both for the low prevalence of bacteria and the lack of harmful germs,"" the site said.",该 网站 说 ： “ 根据 试验 结果 ， 我们 建议 选用 吸管 盖式 水瓶 ， 因为 这种 水瓶 的 细菌 流行 率 较 低 而且 有害 细菌 数量 少 。 ”,3,3,2
ab6dd553-f7ff-4fc1-86e7-7bba66300a6b,"Lah, dat website say ""根据 website, 我们 say choose dat吸管盖式水瓶, because dat kind water bottle got low细菌流行率 and few有害细菌数量 leh.""","""Based on our test results, we suggest opting for a straw-top bottle, both for the low prevalence of bacteria and the lack of harmful germs,"" the site said.",该 网站 说 ： “ 根据 试验 结果 ， 我们 建议 选用 吸管 盖式 水瓶 ， 因为 这种 水瓶 的 细菌 流行 率 较 低 而且 有害 细菌 数量 少 。 ”,3,2,3
ad9378f2-d856-4aa0-a632-b9a64aa7f8d9,"The website say: “根据试验结果, we suggest use 吸管盖式水瓶, 因为 this type of water bottle 的细菌流行率比较低而且有害细菌数量少。”","""Based on our test results, we suggest opting for a straw-top bottle, both for the low prevalence of bacteria and the lack of harmful germs,"" the site said.",该 网站 说 ： “ 根据 试验 结果 ， 我们 建议 选用 吸管 盖式 水瓶 ， 因为 这种 水瓶 的 细菌 流行 率 较 低 而且 有害 细菌 数量 少 。 ”,3,3,3
835a4db4-101d-472c-b44c-4d224ec75712,"Lah, dat website say ""该 website say"", weh recommend use pipette-lah, becos dat type water bottle got low bacteria rate, and few harmful bacteria leh!","""Based on our test results, we suggest opting for a straw-top bottle, both for the low prevalence of bacteria and the lack of harmful germs,"" the site said.",该 网站 说 ： “ 根据 试验 结果 ， 我们 建议 选用 吸管 盖式 水瓶 ， 因为 这种 水瓶 的 细菌 流行 率 较 低 而且 有害 细菌 数量 少 。 ”,2,2,1
eba196e8-2c44-4309-aadc-2045b9300c49,"""Based on our test results, we suggest opting for a straw-top bottle, both for the low prevalence of bacteria and the lack of harmful germs,"" the site said.

转化为 Singlish + Chinese:

""Based on our test results, 我们 suggest opting for a straw-top bottle, both for the low prevalence of bacteria and the lack of harmful germs,"" the site said.

Key words:

* ""based"" -> """" (based)
* ""we"" -> 我们 (wǒmen)
* ""results"" -> (jì shuò)
* ""opting"" -> suggest
* ""harmful"" -> (hài huài)
* ""our"" -> 我们 (wǒmen)
* ""for"" -> (gèi)
* ""test"" -> (kè shì)
* ""suggest"" -> suggest
* ""bacteria"" -> (kě jiā)
* ""germs"" -> (jūn zhī)","""Based on our test results, we suggest opting for a straw-top bottle, both for the low prevalence of bacteria and the lack of harmful germs,"" the site said.",该 网站 说 ： “ 根据 试验 结果 ， 我们 建议 选用 吸管 盖式 水瓶 ， 因为 这种 水瓶 的 细菌 流行 率 较 低 而且 有害 细菌 数量 少 。 ”,3,3,2
d4943977-ae05-4090-810e-3a7ebfb8ca74,"Based on our test results, 我们建议选择一个 straw-top bottle, both for low bacteria prevalence and no harmful germs, leh.","""Based on our test results, we suggest opting for a straw-top bottle, both for the low prevalence of bacteria and the lack of harmful germs,"" the site said.",该 网站 说 ： “ 根据 试验 结果 ， 我们 建议 选用 吸管 盖式 水瓶 ， 因为 这种 水瓶 的 细菌 流行 率 较 低 而且 有害 细菌 数量 少 。 ”,3,3,3
c0d690ee-9206-446d-8c3f-2e174a644719,"""Based on 我们的 test results, 我们 suggest 选一个 straw-top bottle, for 低 prevalence of bacteria 和 the lack of harmful germs,"" the site said.","""Based on our test results, we suggest opting for a straw-top bottle, both for the low prevalence of bacteria and the lack of harmful germs,"" the site said.",该 网站 说 ： “ 根据 试验 结果 ， 我们 建议 选用 吸管 盖式 水瓶 ， 因为 这种 水瓶 的 细菌 流行 率 较 低 而且 有害 细菌 数量 少 。 ”,3,3,3
fe54a8fc-2dc5-453a-9e2d-fd86ba2eeb9b,该 网站 说 ： “ 根据 试验 结果 ， 我们 建议 选用 吸管 盖式 水瓶 ， 因为 这种 水瓶 的 细菌 流行率 较 低 而且 有害 细菌 数量 少 。 ”,"""Based on our test results, we suggest opting for a straw-top bottle, both for the low prevalence of bacteria and the lack of harmful germs,"" the site said.",该 网站 说 ： “ 根据 试验 结果 ， 我们 建议 选用 吸管 盖式 水瓶 ， 因为 这种 水瓶 的 细菌 流行 率 较 低 而且 有害 细菌 数量 少 。 ”,3,3,1
1d48bdcd-534b-418e-b2a0-ae6b09903290,"""Based on 我们的 test results, 我们 suggest 选一个 straw-top bottle, 因为它的 bacteria 很少 and 没有 harmful germs,"" the site said.","""Based on our test results, we suggest opting for a straw-top bottle, both for the low prevalence of bacteria and the lack of harmful germs,"" the site said.",该 网站 说 ： “ 根据 试验 结果 ， 我们 建议 选用 吸管 盖式 水瓶 ， 因为 这种 水瓶 的 细菌 流行 率 较 低 而且 有害 细菌 数量 少 。 ”,3,3,3
ab110a24-068c-4124-a083-10ce8e830e81,"Dat website say: ""According to experiment result, we suggest choose suck-pipe cover water bottle, because dis type water bottle got low bacteria rate and few harmful bacteria.""","""Based on our test results, we suggest opting for a straw-top bottle, both for the low prevalence of bacteria and the lack of harmful germs,"" the site said.",该 网站 说 ： “ 根据 试验 结果 ， 我们 建议 选用 吸管 盖式 水瓶 ， 因为 这种 水瓶 的 细菌 流行 率 较 低 而且 有害 细菌 数量 少 。 ”,3,3,1
8d781cf4-2fdd-4591-b728-09fdd98303c6,"""根据我们测试的12个水瓶，Treadmill Reviews 说可重复使用的饮水容器可能有令人担忧的活细菌数量：每平方厘米超过300,000个菌落形成单位 (CFU/sq cm)。""","""Based on the 12 water bottles we tested, we found that reusable drinking containers may be crawling with an alarming number of viable bacteria cells: more than 300,000 colony-forming units per square centimeter (CFU/sq cm),"" Treadmill Reviews said.","Treadmill   Reviews 表示 ： “ 基于 所 测试 的 12 只 水瓶 ， 我们 发现 可 重复使用 的 饮水 容器 可以 窝藏 数量 惊人 的 活菌 细胞 ： 每 平方厘米 菌落形成 单位 ( CFU ) 数量 超过 300 , 000 个 。 ”",3,3,1
a7ea735c-06b5-454d-b36c-9ca25535e3ce,"Treadmill reviews 表示：“基于 所 测试 的 12 只 水瓶， 我们发现 重复使用 的 饮水容器 可以窝藏数量惊人的活菌细胞：每平方厘米菌落形成单位 (CFU) 数量超过 300,000 个。”","""Based on the 12 water bottles we tested, we found that reusable drinking containers may be crawling with an alarming number of viable bacteria cells: more than 300,000 colony-forming units per square centimeter (CFU/sq cm),"" Treadmill Reviews said.","Treadmill   Reviews 表示 ： “ 基于 所 测试 的 12 只 水瓶 ， 我们 发现 可 重复使用 的 饮水 容器 可以 窝藏 数量 惊人 的 活菌 细胞 ： 每 平方厘米 菌落形成 单位 ( CFU ) 数量 超过 300 , 000 个 。 ”",3,3,1
5f6711ea-2149-4a4b-8741-6ba66262881a,"Treadmill Reviews 表示：“基于所测试的 12 只水瓶，我们发现可重复使用的饮水容器可以窝藏数量惊人的活菌细胞：每平方厘米菌落形成单位 (CFU) 数量超过 300,000 个。”","""Based on the 12 water bottles we tested, we found that reusable drinking containers may be crawling with an alarming number of viable bacteria cells: more than 300,000 colony-forming units per square centimeter (CFU/sq cm),"" Treadmill Reviews said.","Treadmill   Reviews 表示 ： “ 基于 所 测试 的 12 只 水瓶 ， 我们 发现 可 重复使用 的 饮水 容器 可以 窝藏 数量 惊人 的 活菌 细胞 ： 每 平方厘米 菌落形成 单位 ( CFU ) 数量 超过 300 , 000 个 。 ”",3,3,1
1e198be5-5b21-4007-9e45-3ffe2f071653,"Treadmill reviews leh, ""Based on 12 bottles leh, we find out dat reusable water bottle can hide shocking amount of bacteria cells leh, every square cm, CFU count more than 300,000 leh!""","""Based on the 12 water bottles we tested, we found that reusable drinking containers may be crawling with an alarming number of viable bacteria cells: more than 300,000 colony-forming units per square centimeter (CFU/sq cm),"" Treadmill Reviews said.","Treadmill   Reviews 表示 ： “ 基于 所 测试 的 12 只 水瓶 ， 我们 发现 可 重复使用 的 饮水 容器 可以 窝藏 数量 惊人 的 活菌 细胞 ： 每 平方厘米 菌落形成 单位 ( CFU ) 数量 超过 300 , 000 个 。 ”",3,2,1
bde730f1-3207-4314-9cd5-c1436fe88fcb,"Treadmill reviews say ""based on 12 tests, we find that reuseable water bottle can hide shocking amount of bacteria cells: each square centimeter can form over 300,000 CFU, leh？""","""Based on the 12 water bottles we tested, we found that reusable drinking containers may be crawling with an alarming number of viable bacteria cells: more than 300,000 colony-forming units per square centimeter (CFU/sq cm),"" Treadmill Reviews said.","Treadmill   Reviews 表示 ： “ 基于 所 测试 的 12 只 水瓶 ， 我们 发现 可 重复使用 的 饮水 容器 可以 窝藏 数量 惊人 的 活菌 细胞 ： 每 平方厘米 菌落形成 单位 ( CFU ) 数量 超过 300 , 000 个 。 ”",3,3,1
6a2ff19c-fcd8-4b67-beb8-d542c645b7c3,"根据我们测试的12个水瓶, Treadmill Reviews 说 reusable drinking containers 可能有非常多的 viable bacteria cells: 每平方厘米超过300,000 colony-forming units (CFU/sq cm)。","""Based on the 12 water bottles we tested, we found that reusable drinking containers may be crawling with an alarming number of viable bacteria cells: more than 300,000 colony-forming units per square centimeter (CFU/sq cm),"" Treadmill Reviews said.","Treadmill   Reviews 表示 ： “ 基于 所 测试 的 12 只 水瓶 ， 我们 发现 可 重复使用 的 饮水 容器 可以 窝藏 数量 惊人 的 活菌 细胞 ： 每 平方厘米 菌落形成 单位 ( CFU ) 数量 超过 300 , 000 个 。 ”",3,3,2
8606c5b8-1f2b-4dc6-acff-dfe96ce8def0,"""Based on 12 bottles of water, 我们发现 reusable containers 可能有 alarming number of bacteria, more than 300,000 CFU/sq cm.""","""Based on the 12 water bottles we tested, we found that reusable drinking containers may be crawling with an alarming number of viable bacteria cells: more than 300,000 colony-forming units per square centimeter (CFU/sq cm),"" Treadmill Reviews said.","Treadmill   Reviews 表示 ： “ 基于 所 测试 的 12 只 水瓶 ， 我们 发现 可 重复使用 的 饮水 容器 可以 窝藏 数量 惊人 的 活菌 细胞 ： 每 平方厘米 菌落形成 单位 ( CFU ) 数量 超过 300 , 000 个 。 ”",2,3,3
953afc2a-b68a-440e-a709-d274bce7dae3,"Based on 12 瓶水 we test, we find reusable drinking container 可能有 many viable bacteria cells, more than 300,000 CFU per sq cm, leh.","""Based on the 12 water bottles we tested, we found that reusable drinking containers may be crawling with an alarming number of viable bacteria cells: more than 300,000 colony-forming units per square centimeter (CFU/sq cm),"" Treadmill Reviews said.","Treadmill   Reviews 表示 ： “ 基于 所 测试 的 12 只 水瓶 ， 我们 发现 可 重复使用 的 饮水 容器 可以 窝藏 数量 惊人 的 活菌 细胞 ： 每 平方厘米 菌落形成 单位 ( CFU ) 数量 超过 300 , 000 个 。 ”",2,3,3
d30dab09-64de-4fd3-9608-98b03df13569,"Treadmill leh, reviews say ""Based on 12 bottles we test, we find dat reusable water bottle can hide shocking amount of bacteria cells: CFU per square centimeter more than 300,000 leh!""","""Based on the 12 water bottles we tested, we found that reusable drinking containers may be crawling with an alarming number of viable bacteria cells: more than 300,000 colony-forming units per square centimeter (CFU/sq cm),"" Treadmill Reviews said.","Treadmill   Reviews 表示 ： “ 基于 所 测试 的 12 只 水瓶 ， 我们 发现 可 重复使用 的 饮水 容器 可以 窝藏 数量 惊人 的 活菌 细胞 ： 每 平方厘米 菌落形成 单位 ( CFU ) 数量 超过 300 , 000 个 。 ”",3,2,1
3856edd4-3df9-45b9-82e8-8191941b8c7c,"""Based on 我们 tested 的 12 个 water bottles, Treadmill Reviews 说 reusable drinking containers 可能会有 很多 viable bacteria cells: 超过 300,000 colony-forming units per square centimeter (CFU/sq cm).""","""Based on the 12 water bottles we tested, we found that reusable drinking containers may be crawling with an alarming number of viable bacteria cells: more than 300,000 colony-forming units per square centimeter (CFU/sq cm),"" Treadmill Reviews said.","Treadmill   Reviews 表示 ： “ 基于 所 测试 的 12 只 水瓶 ， 我们 发现 可 重复使用 的 饮水 容器 可以 窝藏 数量 惊人 的 活菌 细胞 ： 每 平方厘米 菌落形成 单位 ( CFU ) 数量 超过 300 , 000 个 。 ”",3,3,3
adb2da41-9ae6-420d-aaaf-8d66977a7875,"Actually, dat 12 water bottles we test, we find out dat reusable drinking containers got many bacteria lah, more than 300,000 CFU per square centimeter leh!","""Based on the 12 water bottles we tested, we found that reusable drinking containers may be crawling with an alarming number of viable bacteria cells: more than 300,000 colony-forming units per square centimeter (CFU/sq cm),"" Treadmill Reviews said.","Treadmill   Reviews 表示 ： “ 基于 所 测试 的 12 只 水瓶 ， 我们 发现 可 重复使用 的 饮水 容器 可以 窝藏 数量 惊人 的 活菌 细胞 ： 每 平方厘米 菌落形成 单位 ( CFU ) 数量 超过 300 , 000 个 。 ”",2,2,1
aa8f78d7-83ca-4b83-ac3c-1470eb0634f4,"Treadmill Reviews 说：“Based on the 12 water bottles we tested, 我们发现可重复使用的饮水容器可以藏住惊人的活菌细胞：每平方厘米菌落形成单位 (CFU) 的数量超过300,000个。”","""Based on the 12 water bottles we tested, we found that reusable drinking containers may be crawling with an alarming number of viable bacteria cells: more than 300,000 colony-forming units per square centimeter (CFU/sq cm),"" Treadmill Reviews said.","Treadmill   Reviews 表示 ： “ 基于 所 测试 的 12 只 水瓶 ， 我们 发现 可 重复使用 的 饮水 容器 可以 窝藏 数量 惊人 的 活菌 细胞 ： 每 平方厘米 菌落形成 单位 ( CFU ) 数量 超过 300 , 000 个 。 ”",3,3,3
51a3151b-93c9-41d4-832a-955e9a3fd482,"""早餐和晚餐在八点,"" Ivan 在欢迎简报时宣布，随着我们从美丽的古老港口Trogir出发，靠近Split。","""Breakfast and dinner are at eight o'clock,"" Ivan announced to the new intake at the welcome briefing as we set sail from the beautiful old port of Trogir, near Split.",当 我们 从 斯普利特 附近 风光秀丽 的 特 罗吉尔 老 港口 启航 时 ， 伊凡 在 欢迎 会上 向 初来乍到 的 人 宣布 ： “ 早餐 和 晚餐 均 安排 在 八点 。 ”,2,2,1
4a81317d-7a52-49e5-9aaf-225c8e68f1be,当我们从斯普利特附近风光秀丽的特罗吉尔老港口启航时，伊凡在欢迎会上向初来乍到的人宣布：“早餐和晚餐均安排在八点。”,"""Breakfast and dinner are at eight o'clock,"" Ivan announced to the new intake at the welcome briefing as we set sail from the beautiful old port of Trogir, near Split.",当 我们 从 斯普利特 附近 风光秀丽 的 特 罗吉尔 老 港口 启航 时 ， 伊凡 在 欢迎 会上 向 初来乍到 的 人 宣布 ： “ 早餐 和 晚餐 均 安排 在 八点 。 ”,3,3,1
e2bb7f63-4f47-4cea-8ccf-47ef0bec683d,"When we 从 斯普利特 附近 风光秀丽 的 特 罗吉尔 老 港口 启航, 伊凡 在 欢迎 会上 向 新来的 人 宣布: ""Breakfast 和 dinner 都安排在八点。""","""Breakfast and dinner are at eight o'clock,"" Ivan announced to the new intake at the welcome briefing as we set sail from the beautiful old port of Trogir, near Split.",当 我们 从 斯普利特 附近 风光秀丽 的 特 罗吉尔 老 港口 启航 时 ， 伊凡 在 欢迎 会上 向 初来乍到 的 人 宣布 ： “ 早餐 和 晚餐 均 安排 在 八点 。 ”,3,3,3
caea7926-5a9b-40f8-b7e1-f8f6506873cf,"When we set sail from Trocchi Lor Kpt near Spore, Ivan announce at welcome party: ""Breakfast and dinner both arrange at 8pm, lah!""","""Breakfast and dinner are at eight o'clock,"" Ivan announced to the new intake at the welcome briefing as we set sail from the beautiful old port of Trogir, near Split.",当 我们 从 斯普利特 附近 风光秀丽 的 特 罗吉尔 老 港口 启航 时 ， 伊凡 在 欢迎 会上 向 初来乍到 的 人 宣布 ： “ 早餐 和 晚餐 均 安排 在 八点 。 ”,2,2,1
40848a1b-6080-4222-84d9-e6f617117a99,"""早餐和晚餐八点钟 lar,"" Ivan announce to new ah beng at welcome briefing as we set sail from pretty old port of Trogir, near Split.","""Breakfast and dinner are at eight o'clock,"" Ivan announced to the new intake at the welcome briefing as we set sail from the beautiful old port of Trogir, near Split.",当 我们 从 斯普利特 附近 风光秀丽 的 特 罗吉尔 老 港口 启航 时 ， 伊凡 在 欢迎 会上 向 初来乍到 的 人 宣布 ： “ 早餐 和 晚餐 均 安排 在 八点 。 ”,3,2,2
0fae9f58-8f35-44a1-848b-193b9343cfc1,"When we set sail from this pretty Trogir old port near Split, Ivan announce at the welcome party: ""Breakfast and dinner all arrange at eight ah!""","""Breakfast and dinner are at eight o'clock,"" Ivan announced to the new intake at the welcome briefing as we set sail from the beautiful old port of Trogir, near Split.",当 我们 从 斯普利特 附近 风光秀丽 的 特 罗吉尔 老 港口 启航 时 ， 伊凡 在 欢迎 会上 向 初来乍到 的 人 宣布 ： “ 早餐 和 晚餐 均 安排 在 八点 。 ”,2,3,1
4110c935-fa3a-43d9-8804-67bc56a3509f,"When we set sail from Spore nearby Troh-gor Lor Chor kai time, Ivan announce at welcome party to newcomers lor, ""Breakfast and dinner all arrange at 8pm ah!""","""Breakfast and dinner are at eight o'clock,"" Ivan announced to the new intake at the welcome briefing as we set sail from the beautiful old port of Trogir, near Split.",当 我们 从 斯普利特 附近 风光秀丽 的 特 罗吉尔 老 港口 启航 时 ， 伊凡 在 欢迎 会上 向 初来乍到 的 人 宣布 ： “ 早餐 和 晚餐 均 安排 在 八点 。 ”,2,2,1
68571e49-60c0-469e-90da-c5d0a13224c3,"Ivan announce breakfast at eight o'clock, dinner also at eight o'clock, lah!","""Breakfast and dinner are at eight o'clock,"" Ivan announced to the new intake at the welcome briefing as we set sail from the beautiful old port of Trogir, near Split.",当 我们 从 斯普利特 附近 风光秀丽 的 特 罗吉尔 老 港口 启航 时 ， 伊凡 在 欢迎 会上 向 初来乍到 的 人 宣布 ： “ 早餐 和 晚餐 均 安排 在 八点 。 ”,1,1,1
b6864f2d-e425-4437-9a6c-c0199911f9b0,当我们从斯普利特附近风光秀丽的特罗吉尔老港口启航时，伊凡在欢迎会上向初来乍到的人宣布：“早餐和晚餐均安排在八点。”,"""Breakfast and dinner are at eight o'clock,"" Ivan announced to the new intake at the welcome briefing as we set sail from the beautiful old port of Trogir, near Split.",当 我们 从 斯普利特 附近 风光秀丽 的 特 罗吉尔 老 港口 启航 时 ， 伊凡 在 欢迎 会上 向 初来乍到 的 人 宣布 ： “ 早餐 和 晚餐 均 安排 在 八点 。 ”,3,3,1
3768cc94-4e48-4c3d-99af-80d1ce9f151d,"Ivan announce ""breakfast and dinner at eight o'clock leh"" to new intake during welcome briefing, we set sail from Trogir near Split, very beautiful old port leh.","""Breakfast and dinner are at eight o'clock,"" Ivan announced to the new intake at the welcome briefing as we set sail from the beautiful old port of Trogir, near Split.",当 我们 从 斯普利特 附近 风光秀丽 的 特 罗吉尔 老 港口 启航 时 ， 伊凡 在 欢迎 会上 向 初来乍到 的 人 宣布 ： “ 早餐 和 晚餐 均 安排 在 八点 。 ”,2,2,1
1c5132f9-e8cf-4b90-b16c-d23bec3cb45a,"""Ivan 宣布给新来的，早餐和晚餐是八点，"" as我们从美丽的古港 Trogir 出发，靠近 Split。","""Breakfast and dinner are at eight o'clock,"" Ivan announced to the new intake at the welcome briefing as we set sail from the beautiful old port of Trogir, near Split.",当 我们 从 斯普利特 附近 风光秀丽 的 特 罗吉尔 老 港口 启航 时 ， 伊凡 在 欢迎 会上 向 初来乍到 的 人 宣布 ： “ 早餐 和 晚餐 均 安排 在 八点 。 ”,3,1,3
0291fadc-40de-4de2-af44-8ac5b5a3839b,"""Breakfast 和 dinner 都是 at 八点,"" Ivan 在 welcome briefing 里 announce 给新来的同学，when we set sail 从美丽的 old port of Trogir, near Split.","""Breakfast and dinner are at eight o'clock,"" Ivan announced to the new intake at the welcome briefing as we set sail from the beautiful old port of Trogir, near Split.",当 我们 从 斯普利特 附近 风光秀丽 的 特 罗吉尔 老 港口 启航 时 ， 伊凡 在 欢迎 会上 向 初来乍到 的 人 宣布 ： “ 早餐 和 晚餐 均 安排 在 八点 。 ”,3,2,3
8f26cb9e-5168-42ae-b1ee-c981a2675950,"""到星期四早上，里面有 armed guards 在 sanctuaries, 然后 gates 变成 single file entry (有 metal barriers)，进来的时候 bags 也要被 search,"" 她跟 The Local 说。","""By Thursday morning, there were armed guards inside the sanctuaries and then the gates became single file entry (with metal barriers) with bags being searched on the way in,"" she told The Local.",她 告诉 地方 报说 ： “ 星期四 早晨时 ， 圣地 里 部署 了 一些 武装 警卫 ， 然后 大门 （ 使用 金属 路障 ） 设置 成 只许 单排 队列 进入 ， 在 进门 的 过程 中要 搜查 包裹 。 ”,3,3,3
65a26d7c-e2bd-4273-8b92-046571c54cea,"""By Thursday morning, 里面的 sanctuaries 有 armed guards, 然后 gates became single file entry (with metal barriers), bags 在 way in 被 searched,"" 她告诉 The Local.","""By Thursday morning, there were armed guards inside the sanctuaries and then the gates became single file entry (with metal barriers) with bags being searched on the way in,"" she told The Local.",她 告诉 地方 报说 ： “ 星期四 早晨时 ， 圣地 里 部署 了 一些 武装 警卫 ， 然后 大门 （ 使用 金属 路障 ） 设置 成 只许 单排 队列 进入 ， 在 进门 的 过程 中要 搜查 包裹 。 ”,3,3,3
65ba3f4b-47c3-40a0-966a-42861425044d,她告诉地方报说：“星期四早晨时，圣地里部署了一些武装警卫，然后大门（使用金属路障）设置成只许单排队列进入，在进门的过程中过要搜查包裹。”,"""By Thursday morning, there were armed guards inside the sanctuaries and then the gates became single file entry (with metal barriers) with bags being searched on the way in,"" she told The Local.",她 告诉 地方 报说 ： “ 星期四 早晨时 ， 圣地 里 部署 了 一些 武装 警卫 ， 然后 大门 （ 使用 金属 路障 ） 设置 成 只许 单排 队列 进入 ， 在 进门 的 过程 中要 搜查 包裹 。 ”,3,3,1
bed6a330-e47d-4e05-9cf9-966db08331d9,"By Thursday morning, got already got armed guards inside sanctuaries lar, then gates become single file entry leh, with metal barriers leh, search bags on way in leh.","""By Thursday morning, there were armed guards inside the sanctuaries and then the gates became single file entry (with metal barriers) with bags being searched on the way in,"" she told The Local.",她 告诉 地方 报说 ： “ 星期四 早晨时 ， 圣地 里 部署 了 一些 武装 警卫 ， 然后 大门 （ 使用 金属 路障 ） 设置 成 只许 单排 队列 进入 ， 在 进门 的 过程 中要 搜查 包裹 。 ”,2,1,1
312d1410-8e59-414e-a9ff-5e2a5e90e4bd,"By Thursday morn lar, inside sanctuary gotlah armed guard, den gate become single file entry leh, with metal barrier, search bag on the way in leh.","""By Thursday morning, there were armed guards inside the sanctuaries and then the gates became single file entry (with metal barriers) with bags being searched on the way in,"" she told The Local.",她 告诉 地方 报说 ： “ 星期四 早晨时 ， 圣地 里 部署 了 一些 武装 警卫 ， 然后 大门 （ 使用 金属 路障 ） 设置 成 只许 单排 队列 进入 ， 在 进门 的 过程 中要 搜查 包裹 。 ”,2,1,1
2002ef46-5a2b-4854-8d0c-cd9194a2c0c4,"She tell leh, ""Next week morning, holy place got some armed police, then big door set up only one-by-one queue, and search bag during the process.""","""By Thursday morning, there were armed guards inside the sanctuaries and then the gates became single file entry (with metal barriers) with bags being searched on the way in,"" she told The Local.",她 告诉 地方 报说 ： “ 星期四 早晨时 ， 圣地 里 部署 了 一些 武装 警卫 ， 然后 大门 （ 使用 金属 路障 ） 设置 成 只许 单排 队列 进入 ， 在 进门 的 过程 中要 搜查 包裹 。 ”,1,2,1
622ca5f4-7508-4f4d-bb42-5636bdb65578,"Ah beng leh, she tell leh, ""Next Fri morning, Saint Place got some armed guards deployed, den big door (use metal barricade) set up, only allow single file queue in, during entry process, gotta check luggage ah.""","""By Thursday morning, there were armed guards inside the sanctuaries and then the gates became single file entry (with metal barriers) with bags being searched on the way in,"" she told The Local.",她 告诉 地方 报说 ： “ 星期四 早晨时 ， 圣地 里 部署 了 一些 武装 警卫 ， 然后 大门 （ 使用 金属 路障 ） 设置 成 只许 单排 队列 进入 ， 在 进门 的 过程 中要 搜查 包裹 。 ”,1,2,1
d0179bbe-0975-49f3-b577-78fb2b682ab5,"By Thursday morning, sanctuaries already got single file entry leh, then metal barriers become ah, with bags searched on the way in, gates also become single file entry leh.","""By Thursday morning, there were armed guards inside the sanctuaries and then the gates became single file entry (with metal barriers) with bags being searched on the way in,"" she told The Local.",她 告诉 地方 报说 ： “ 星期四 早晨时 ， 圣地 里 部署 了 一些 武装 警卫 ， 然后 大门 （ 使用 金属 路障 ） 设置 成 只许 单排 队列 进入 ， 在 进门 的 过程 中要 搜查 包裹 。 ”,1,1,1
c4865c12-bc9a-4d9f-a38f-354a3c4c96ec,She 告诉 地方 报说：“星期四早上，圣地那边 部署了一些 armed guards，之后大门（用 metal barricades）设置成只允许 single file 进入，进门的时候要 search bags。”,"""By Thursday morning, there were armed guards inside the sanctuaries and then the gates became single file entry (with metal barriers) with bags being searched on the way in,"" she told The Local.",她 告诉 地方 报说 ： “ 星期四 早晨时 ， 圣地 里 部署 了 一些 武装 警卫 ， 然后 大门 （ 使用 金属 路障 ） 设置 成 只许 单排 队列 进入 ， 在 进门 的 过程 中要 搜查 包裹 。 ”,3,3,3
414908e3-05fd-4a7d-88f6-cbe9e6ddd3e9,她告诉地方报说：“星期四早晨时，圣地里部署了一些武装警卫，然后大门（使用金属路障）设置成只许单排队列进入，在进门的过程中要搜查包裹。”,"""By Thursday morning, there were armed guards inside the sanctuaries and then the gates became single file entry (with metal barriers) with bags being searched on the way in,"" she told The Local.",她 告诉 地方 报说 ： “ 星期四 早晨时 ， 圣地 里 部署 了 一些 武装 警卫 ， 然后 大门 （ 使用 金属 路障 ） 设置 成 只许 单排 队列 进入 ， 在 进门 的 过程 中要 搜查 包裹 。 ”,3,3,1
88d5a110-6051-447e-b227-92947e59776f,"""到星期四早上，里面有 armed guards 在 sanctuaries， 然后 gates 变成 single file entry (有 metal barriers)，进来的时候 bags 还要被 search,"" 她跟 The Local 说。","""By Thursday morning, there were armed guards inside the sanctuaries and then the gates became single file entry (with metal barriers) with bags being searched on the way in,"" she told The Local.",她 告诉 地方 报说 ： “ 星期四 早晨时 ， 圣地 里 部署 了 一些 武装 警卫 ， 然后 大门 （ 使用 金属 路障 ） 设置 成 只许 单排 队列 进入 ， 在 进门 的 过程 中要 搜查 包裹 。 ”,3,2,3
10d5da2b-2638-4831-992f-e66a12469cf0,"She tell leh, ""Ah, Thursday morning, St Paul's got some armed security guards deployed inside, then set up the main gate with metal barriers, only allow single-file entry, and during the process, must check luggage, lor.""","""By Thursday morning, there were armed guards inside the sanctuaries and then the gates became single file entry (with metal barriers) with bags being searched on the way in,"" she told The Local.",她 告诉 地方 报说 ： “ 星期四 早晨时 ， 圣地 里 部署 了 一些 武装 警卫 ， 然后 大门 （ 使用 金属 路障 ） 设置 成 只许 单排 队列 进入 ， 在 进门 的 过程 中要 搜查 包裹 。 ”,2,2,1
a908a913-9b00-4a1c-a137-82843c0b502e,"Currently, UK's government lor, leh keep domestic economy stable leh, no let outflow of capital occurring, and keep market system stable leh.","""Currently, since property prices in the UK are falling and outflow of capital starts occurring, keeping domestic economy and market system stable has been the top priority of the UK's new government.",“ 目前 英国 房地产 价格 下跌 、 资金 开始 流出 ， 稳定 国内 经济 及 市场 体系 成为 了 英国 新政府 的 当务之急 。,1,1,1
d8ca3aa5-344c-4927-8f6d-794a93531cd1,"Currently, UK property prices ah are falling leh, capital outflow starts occurring, so UK government must keep domestic economy and market system stable lor.","""Currently, since property prices in the UK are falling and outflow of capital starts occurring, keeping domestic economy and market system stable has been the top priority of the UK's new government.",“ 目前 英国 房地产 价格 下跌 、 资金 开始 流出 ， 稳定 国内 经济 及 市场 体系 成为 了 英国 新政府 的 当务之急 。,2,2,1
924b8fac-aa8e-44a9-be79-c4c9dcd73a22,现时英国房价下跌，资本外流开始，稳定国内经济和市场系统是英国新政府的首要任务。,"""Currently, since property prices in the UK are falling and outflow of capital starts occurring, keeping domestic economy and market system stable has been the top priority of the UK's new government.",“ 目前 英国 房地产 价格 下跌 、 资金 开始 流出 ， 稳定 国内 经济 及 市场 体系 成为 了 英国 新政府 的 当务之急 。,3,3,1
e400805e-d501-4699-b149-cc286cb5de02,“ 目前 英国 的 房地产 价格 下跌 ， 资金 开始 流出 ， 稳定 国内 经济 及 市场 体系 成为 了 英国 新政府 的 当务之急 。,"""Currently, since property prices in the UK are falling and outflow of capital starts occurring, keeping domestic economy and market system stable has been the top priority of the UK's new government.",“ 目前 英国 房地产 价格 下跌 、 资金 开始 流出 ， 稳定 国内 经济 及 市场 体系 成为 了 英国 新政府 的 当务之急 。,3,3,1
2b315718-a884-4477-85d4-343a9949c608,"Current Britain property price down, money start flow out, stable domestic economy and market system become Britain new government's top priority leh!","""Currently, since property prices in the UK are falling and outflow of capital starts occurring, keeping domestic economy and market system stable has been the top priority of the UK's new government.",“ 目前 英国 房地产 价格 下跌 、 资金 开始 流出 ， 稳定 国内 经济 及 市场 体系 成为 了 英国 新政府 的 当务之急 。,3,2,1
e755dddc-ad8b-4fb1-9d4f-bc9d30bf507a,"“ Currently, UK 房地产 prices 下跌, 资金 开始 流出, 稳定 国内 经济 及 市场 体系 成为 新政府 的 当务之急.”","""Currently, since property prices in the UK are falling and outflow of capital starts occurring, keeping domestic economy and market system stable has been the top priority of the UK's new government.",“ 目前 英国 房地产 价格 下跌 、 资金 开始 流出 ， 稳定 国内 经济 及 市场 体系 成为 了 英国 新政府 的 当务之急 。,3,3,3
44288ed0-4680-4644-bc68-181b76c87fd7,"Ah beng, currently Britain's property market prices down ah, money start flow out, stable domestic economy and market system become Britain new government's top priority leh, “ gotta stabilize the housing market, can't let the funds flow out, gotta make the domestic economy stable, can't let the prices fall, gotta start with the property market, leh!","""Currently, since property prices in the UK are falling and outflow of capital starts occurring, keeping domestic economy and market system stable has been the top priority of the UK's new government.",“ 目前 英国 房地产 价格 下跌 、 资金 开始 流出 ， 稳定 国内 经济 及 市场 体系 成为 了 英国 新政府 的 当务之急 。,1,2,1
b1fe416a-e6da-4555-a857-1718b1da0673,"Currently, 由于 property prices 在 UK 下降， outflow of capital 开始 occurring, 所以 keeping domestic economy 和 market system stable 是 UK's 新政府的 top priority.","""Currently, since property prices in the UK are falling and outflow of capital starts occurring, keeping domestic economy and market system stable has been the top priority of the UK's new government.",“ 目前 英国 房地产 价格 下跌 、 资金 开始 流出 ， 稳定 国内 经济 及 市场 体系 成为 了 英国 新政府 的 当务之急 。,3,3,3
c4d1c64f-78d3-4d9a-9212-b724cac17225,"""Current Britain property prices drop, money flow out, lor, stable domestic economy, domestic market system become Britain new gov's top priority, leh!""","""Currently, since property prices in the UK are falling and outflow of capital starts occurring, keeping domestic economy and market system stable has been the top priority of the UK's new government.",“ 目前 英国 房地产 价格 下跌 、 资金 开始 流出 ， 稳定 国内 经济 及 市场 体系 成为 了 英国 新政府 的 当务之急 。,3,2,1
7382776e-eb46-4ccc-ab2b-e6c2ceaf21cb,"""Now, UK 房地产 prices drop, funds starting to flow out, stabilizing domestic economy and market system become the urgent task for UK 新政府.""","""Currently, since property prices in the UK are falling and outflow of capital starts occurring, keeping domestic economy and market system stable has been the top priority of the UK's new government.",“ 目前 英国 房地产 价格 下跌 、 资金 开始 流出 ， 稳定 国内 经济 及 市场 体系 成为 了 英国 新政府 的 当务之急 。,3,3,2
594ed6ad-c337-49d8-b705-e6f15369335a,"Currently, UK 的 property prices are falling, and capital outflow 开始 occurring, 所以要保持 domestic economy 和 market system 的稳定是新政府的首要任务。","""Currently, since property prices in the UK are falling and outflow of capital starts occurring, keeping domestic economy and market system stable has been the top priority of the UK's new government.",“ 目前 英国 房地产 价格 下跌 、 资金 开始 流出 ， 稳定 国内 经济 及 市场 体系 成为 了 英国 新政府 的 当务之急 。,3,3,3
7793c339-a624-4ace-a960-e373ad04afa4,目前，因為英國的房價在跌，資本外流開始出現，保持本地經濟和市場系統穩定是英國新政府的首要任務。,"""Currently, since property prices in the UK are falling and outflow of capital starts occurring, keeping domestic economy and market system stable has been the top priority of the UK's new government.",“ 目前 英国 房地产 价格 下跌 、 资金 开始 流出 ， 稳定 国内 经济 及 市场 体系 成为 了 英国 新政府 的 当务之急 。,3,3,1
00ed1fa6-9624-4996-abdd-01fc0f91bf3e,"When we stand by the roadside waiting for the guiding light, a Swiss cyclist ask, ""You guys think Ivan aware or not that he not in charge of a bunch of kids?""","""Do you think Ivan realises he is not speaking to a group of children?"" a Swiss cyclist asks, as we stand beside the road waiting for the signal to cross.",当 我们 站 在 路旁 等待 穿越 的 指示 时 ， 一位 瑞士 骑手 问道 ： “ 你们 觉得 伊凡 有没有 意识 到 他 不是 在 对 一群 孩子 发号施令 ？ ”,2,3,1
2a1cd16a-82b3-4167-a90f-28491faa502c,你想 Ivan know he not talk to kpkb of children lor?,"""Do you think Ivan realises he is not speaking to a group of children?"" a Swiss cyclist asks, as we stand beside the road waiting for the signal to cross.",当 我们 站 在 路旁 等待 穿越 的 指示 时 ， 一位 瑞士 骑手 问道 ： “ 你们 觉得 伊凡 有没有 意识 到 他 不是 在 对 一群 孩子 发号施令 ？ ”,1,1,1
35989cd1-788b-4c94-abbb-60d785888671,"When we stand station ah station 在路旁 lar, wait lor instruction to cross, one Swiss cyclist ask lor: ""You guys think Ivan got consciousness ah, realize he not in charge of a bunch of kids, right? Got or not got, leh?""","""Do you think Ivan realises he is not speaking to a group of children?"" a Swiss cyclist asks, as we stand beside the road waiting for the signal to cross.",当 我们 站 在 路旁 等待 穿越 的 指示 时 ， 一位 瑞士 骑手 问道 ： “ 你们 觉得 伊凡 有没有 意识 到 他 不是 在 对 一群 孩子 发号施令 ？ ”,2,1,2
76ba92fc-f66a-40ee-8435-b63f516618a7,"When 我们 stand at lor lor road 等待 lor lor signal, one Swiss uncle ask: ""You guys think Ivan know or not know he no boss around one group of kids?""","""Do you think Ivan realises he is not speaking to a group of children?"" a Swiss cyclist asks, as we stand beside the road waiting for the signal to cross.",当 我们 站 在 路旁 等待 穿越 的 指示 时 ， 一位 瑞士 骑手 问道 ： “ 你们 觉得 伊凡 有没有 意识 到 他 不是 在 对 一群 孩子 发号施令 ？ ”,2,2,3
cd3f0ecd-0daa-4d81-b343-d411f0de9728,"When we 站在路旁 等待 the crossing 指示, 一位 Swiss 骑手 ask: “You all think 伊凡 不知道 他 不是 在对 一群 孩子 发号施令吗？”","""Do you think Ivan realises he is not speaking to a group of children?"" a Swiss cyclist asks, as we stand beside the road waiting for the signal to cross.",当 我们 站 在 路旁 等待 穿越 的 指示 时 ， 一位 瑞士 骑手 问道 ： “ 你们 觉得 伊凡 有没有 意识 到 他 不是 在 对 一群 孩子 发号施令 ？ ”,2,3,3
ecb6faf0-806b-4b9a-a631-e1a9ed5bc00d,"""La do Ivan understand he not talking to small kid?"" Swiss cyclist ask, we stand road side wait signal cross.","""Do you think Ivan realises he is not speaking to a group of children?"" a Swiss cyclist asks, as we stand beside the road waiting for the signal to cross.",当 我们 站 在 路旁 等待 穿越 的 指示 时 ， 一位 瑞士 骑手 问道 ： “ 你们 觉得 伊凡 有没有 意识 到 他 不是 在 对 一群 孩子 发号施令 ？ ”,3,2,1
7d02003a-c1e3-4831-b300-e7e637f91075,当 我们 站 在 路旁 等待 穿越 的 指示 时， 一位 瑞士 骑手 问道 ： “ 你们 觉得 伊凡 有没有 意识 到 他 不是 在 对 一群 孩子 发号施令？”,"""Do you think Ivan realises he is not speaking to a group of children?"" a Swiss cyclist asks, as we stand beside the road waiting for the signal to cross.",当 我们 站 在 路旁 等待 穿越 的 指示 时 ， 一位 瑞士 骑手 问道 ： “ 你们 觉得 伊凡 有没有 意识 到 他 不是 在 对 一群 孩子 发号施令 ？ ”,3,3,1
536a5991-a74a-46a0-a184-ef53c7b3663b,"""你觉得 Ivan 有没有意识到他不是在跟一群小孩讲话?"" 一位瑞士骑士问, 我们在路边等信号过马路。","""Do you think Ivan realises he is not speaking to a group of children?"" a Swiss cyclist asks, as we stand beside the road waiting for the signal to cross.",当 我们 站 在 路旁 等待 穿越 的 指示 时 ， 一位 瑞士 骑手 问道 ： “ 你们 觉得 伊凡 有没有 意识 到 他 不是 在 对 一群 孩子 发号施令 ？ ”,3,2,1
6d172801-e34c-41ce-8f6f-da5f27e2123e,"当 we stand by the roadside 等待 the crossing 指示, a Swiss rider asked: ""You all觉得 Ivan 有没有意识到 he is not commanding a group of children?""","""Do you think Ivan realises he is not speaking to a group of children?"" a Swiss cyclist asks, as we stand beside the road waiting for the signal to cross.",当 我们 站 在 路旁 等待 穿越 的 指示 时 ， 一位 瑞士 骑手 问道 ： “ 你们 觉得 伊凡 有没有 意识 到 他 不是 在 对 一群 孩子 发号施令 ？ ”,3,3,3
e1be1e82-af24-4b37-a9dc-689ceb75711a,"""Do you think Ivan 他有意识到 he is not speaking to a group of children?"" 一位 Swiss cyclist asks, as we stand 在 the road waiting for the signal to cross.","""Do you think Ivan realises he is not speaking to a group of children?"" a Swiss cyclist asks, as we stand beside the road waiting for the signal to cross.",当 我们 站 在 路旁 等待 穿越 的 指示 时 ， 一位 瑞士 骑手 问道 ： “ 你们 觉得 伊凡 有没有 意识 到 他 不是 在 对 一群 孩子 发号施令 ？ ”,3,3,3
992b9ab5-319a-43d7-bbf8-b58d0f2db987,"Swiss cyclist ask, ""Do you think Ivan realises we stand beside road, waiting for signal to cross, as he asks?""","""Do you think Ivan realises he is not speaking to a group of children?"" a Swiss cyclist asks, as we stand beside the road waiting for the signal to cross.",当 我们 站 在 路旁 等待 穿越 的 指示 时 ， 一位 瑞士 骑手 问道 ： “ 你们 觉得 伊凡 有没有 意识 到 他 不是 在 对 一群 孩子 发号施令 ？ ”,1,1,1
74c0375e-52b4-4984-9082-24d76315830e,"""Do you think Ivan 他有没有意识到他不是在跟一群小孩讲话?"" a Swiss cyclist asks, as we stand beside the road waiting for the signal to cross.","""Do you think Ivan realises he is not speaking to a group of children?"" a Swiss cyclist asks, as we stand beside the road waiting for the signal to cross.",当 我们 站 在 路旁 等待 穿越 的 指示 时 ， 一位 瑞士 骑手 问道 ： “ 你们 觉得 伊凡 有没有 意识 到 他 不是 在 对 一群 孩子 发号施令 ？ ”,3,3,2
2c00a228-3a21-4828-ac93-00f47030fd68,"""English 不是我的主要语言，所以我不太懂你们的世界,"" Rifo 从他常戴的黑色面具后面说。","""English is not my main language so I don't understand everything about your world,"" Rifo said from behind a black mask, which he is known for.",里福 戴 着 他 那 象征性 的 黑色 口罩 说道 ： “ 英语 不是 我 的 母语 ， 因此 我 不 了解 你们 国家 的 事情 。 ”,3,3,1
3c5e82cf-7924-4d89-8b80-3dfc9bd6586f,"里福戴着他那象征性的黑色口罩说：“English not my mother tongue lah, so I don’t understand your country’s事情。”","""English is not my main language so I don't understand everything about your world,"" Rifo said from behind a black mask, which he is known for.",里福 戴 着 他 那 象征性 的 黑色 口罩 说道 ： “ 英语 不是 我 的 母语 ， 因此 我 不 了解 你们 国家 的 事情 。 ”,3,3,2
c461c36a-3c49-46f8-a0b2-2d43edb15a3f,"English not my main lah, so I no understand everything about your world leh, Rifo say from behind black mask, which him well-known for.","""English is not my main language so I don't understand everything about your world,"" Rifo said from behind a black mask, which he is known for.",里福 戴 着 他 那 象征性 的 黑色 口罩 说道 ： “ 英语 不是 我 的 母语 ， 因此 我 不 了解 你们 国家 的 事情 。 ”,2,3,1
dd3b52bc-8638-42ce-b678-021e1cbaba2e,"""English 是 not my main language so I don't understand everything about your world lah"", Rifo said from behind a black mask, which he is known for.","""English is not my main language so I don't understand everything about your world,"" Rifo said from behind a black mask, which he is known for.",里福 戴 着 他 那 象征性 的 黑色 口罩 说道 ： “ 英语 不是 我 的 母语 ， 因此 我 不 了解 你们 国家 的 事情 。 ”,3,2,2
a34e46c2-6c5c-4b7b-b3a2-8501b3aee3ee,"Lah, Ah Lao wearin' dat sign of black mask say lor, ""English no be my mother tongue, so I no understand you guys' country stuff, ah?""","""English is not my main language so I don't understand everything about your world,"" Rifo said from behind a black mask, which he is known for.",里福 戴 着 他 那 象征性 的 黑色 口罩 说道 ： “ 英语 不是 我 的 母语 ， 因此 我 不 了解 你们 国家 的 事情 。 ”,1,1,1
603c8979-d05f-4200-8403-237ac872a847,里福戴着他那象征性的黑色口罩说道：“英语不是我的母语，因此我不了解你们国家的事情。”,"""English is not my main language so I don't understand everything about your world,"" Rifo said from behind a black mask, which he is known for.",里福 戴 着 他 那 象征性 的 黑色 口罩 说道 ： “ 英语 不是 我 的 母语 ， 因此 我 不 了解 你们 国家 的 事情 。 ”,3,3,1
b2994038-dcf4-460b-8b17-1b06dd8d8d2f,"Loh bak 戴 着 他 那 象征性 的 黑色 口罩 说道 ： “ English not my lah, so I no understand you guys' country things lor。”","""English is not my main language so I don't understand everything about your world,"" Rifo said from behind a black mask, which he is known for.",里福 戴 着 他 那 象征性 的 黑色 口罩 说道 ： “ 英语 不是 我 的 母语 ， 因此 我 不 了解 你们 国家 的 事情 。 ”,1,2,1
2b89a9ca-e795-4424-8336-de2e0fd348f1,"English la is not my main lah language, so I don't understand everything about your world, from behind this black mask, which I always wear, ""English la"" I said.","""English is not my main language so I don't understand everything about your world,"" Rifo said from behind a black mask, which he is known for.",里福 戴 着 他 那 象征性 的 黑色 口罩 说道 ： “ 英语 不是 我 的 母语 ， 因此 我 不 了解 你们 国家 的 事情 。 ”,2,1,1
84202842-37f9-40ed-9c02-01f9723b32d3,"""English 不是我的 main language, 所以我不明白 about your world,"" Rifo said from behind a black mask, which he is known for.","""English is not my main language so I don't understand everything about your world,"" Rifo said from behind a black mask, which he is known for.",里福 戴 着 他 那 象征性 的 黑色 口罩 说道 ： “ 英语 不是 我 的 母语 ， 因此 我 不 了解 你们 国家 的 事情 。 ”,3,3,3
ad91a37f-dca0-4c45-9309-7cbd8e9bcd00,"""English 不是 my main language, 所以 I 不懂 everything about your world,"" Rifo said from behind a 黑色 mask, which 他 is known for.","""English is not my main language so I don't understand everything about your world,"" Rifo said from behind a black mask, which he is known for.",里福 戴 着 他 那 象征性 的 黑色 口罩 说道 ： “ 英语 不是 我 的 母语 ， 因此 我 不 了解 你们 国家 的 事情 。 ”,3,3,3
905f58bc-40dd-414b-ac18-a6a19fa77e29,里福 戴 着 那 黑色口罩 说道：“英语 不是 我 的 母语，所以 我 不 了解 你们国家 的事情。”,"""English is not my main language so I don't understand everything about your world,"" Rifo said from behind a black mask, which he is known for.",里福 戴 着 他 那 象征性 的 黑色 口罩 说道 ： “ 英语 不是 我 的 母语 ， 因此 我 不 了解 你们 国家 的 事情 。 ”,2,3,3
76ce9b77-eb54-435a-b0b8-57353dd5efad,"""Don't see now the river level and bridge level 差不多有 4 米多, when mountain flood come, the river water can overtake the bridge level one.""","""Even though there is a more than four-meter drop between the river and the bridge, water will flow over the bridge in the case of flash floods.""",“ 别看 现在 河面 和 桥面 的 落差 有 4 米 多 ， 山洪 下来 的 时候 ， 河水 都 漫过 桥面 了 。 ”,3,2,3
c8804a59-f746-4b51-8a3d-428da2a573cf,虽然河和桥之间有超过四米的 drop，但在 flash floods 的情况下，水会流过桥。,"""Even though there is a more than four-meter drop between the river and the bridge, water will flow over the bridge in the case of flash floods.""",“ 别看 现在 河面 和 桥面 的 落差 有 4 米 多 ， 山洪 下来 的 时候 ， 河水 都 漫过 桥面 了 。 ”,3,3,2
20672aa2-5d05-4675-bcf4-c076d9ec3c39,"""Ah, lor, don't look at now river surface and bridge surface's gap got 4 meters plus, mountain flood come down time, river water all overflow bridge surface already, leh!""","""Even though there is a more than four-meter drop between the river and the bridge, water will flow over the bridge in the case of flash floods.""",“ 别看 现在 河面 和 桥面 的 落差 有 4 米 多 ， 山洪 下来 的 时候 ， 河水 都 漫过 桥面 了 。 ”,3,2,1
9590ace4-94e5-43ed-a6f5-9ba411d23f13,“ 别看 现在 河面 和 桥面 的 落差 有 4 米 多，山洪 下来的 时候，河水 都 漫过 桥面 了。”,"""Even though there is a more than four-meter drop between the river and the bridge, water will flow over the bridge in the case of flash floods.""",“ 别看 现在 河面 和 桥面 的 落差 有 4 米 多 ， 山洪 下来 的 时候 ， 河水 都 漫过 桥面 了 。 ”,3,3,1
00576cdf-fa21-4c9c-b0ec-c35ef3f0a8cd,河河桥桥水水过过,"""Even though there is a more than four-meter drop between the river and the bridge, water will flow over the bridge in the case of flash floods.""",“ 别看 现在 河面 和 桥面 的 落差 有 4 米 多 ， 山洪 下来 的 时候 ， 河水 都 漫过 桥面 了 。 ”,1,1,1
7b06b76f-25af-40ab-bd24-ad93db61b864,"""Ah beng, don't look at now river face and bridge face's difference got 4 meter plus, mountain flood come down time, river water all overflow bridge face la!""","""Even though there is a more than four-meter drop between the river and the bridge, water will flow over the bridge in the case of flash floods.""",“ 别看 现在 河面 和 桥面 的 落差 有 4 米 多 ， 山洪 下来 的 时候 ， 河水 都 漫过 桥面 了 。 ”,3,2,1
6231c33b-8861-478f-9679-10b81c1d0907,"Even lor, river and bridge got more than four-meter drop, but water still can flow over bridge during flash flood lah.","""Even though there is a more than four-meter drop between the river and the bridge, water will flow over the bridge in the case of flash floods.""",“ 别看 现在 河面 和 桥面 的 落差 有 4 米 多 ， 山洪 下来 的 时候 ， 河水 都 漫过 桥面 了 。 ”,3,3,1
a841cb8a-6152-44f1-9c5e-bdc32138ce3a,即使河流和桥之间有超过四米的落差，遇到 flash floods 的时候，水还是会流过桥。,"""Even though there is a more than four-meter drop between the river and the bridge, water will flow over the bridge in the case of flash floods.""",“ 别看 现在 河面 和 桥面 的 落差 有 4 米 多 ， 山洪 下来 的 时候 ， 河水 都 漫过 桥面 了 。 ”,3,3,2
fe519cfc-a259-48bd-b689-d58fc5865a24,"“ Don’t look at now the river surface and bridge surface drop 有 4 米 多, when the mountain flood come, the river water 都 漫过桥面了。”","""Even though there is a more than four-meter drop between the river and the bridge, water will flow over the bridge in the case of flash floods.""",“ 别看 现在 河面 和 桥面 的 落差 有 4 米 多 ， 山洪 下来 的 时候 ， 河水 都 漫过 桥面 了 。 ”,3,2,3
8f402355-a0c7-44a6-b2d3-be46a6394afc,"""Ah, don't mind leh, now river surface and bridge surface got 4 meters plus difference, but when mountain flood come down, river water still overflow bridge surface la!""","""Even though there is a more than four-meter drop between the river and the bridge, water will flow over the bridge in the case of flash floods.""",“ 别看 现在 河面 和 桥面 的 落差 有 4 米 多 ， 山洪 下来 的 时候 ， 河水 都 漫过 桥面 了 。 ”,2,2,1
5d00f686-64cd-4192-a93d-d4405a684b15,"Although got more than four-metre drop between river and bridge, water still leh overflow bridge during flash floods lah!","""Even though there is a more than four-meter drop between the river and the bridge, water will flow over the bridge in the case of flash floods.""",“ 别看 现在 河面 和 桥面 的 落差 有 4 米 多 ， 山洪 下来 的 时候 ， 河水 都 漫过 桥面 了 。 ”,3,2,1
ad141491-9c8d-4032-af09-bac9ccccc411,"""Even if 河流和桥之间有超过四米的落差, 在暴雨时水还是会流过桥.""","""Even though there is a more than four-meter drop between the river and the bridge, water will flow over the bridge in the case of flash floods.""",“ 别看 现在 河面 和 桥面 的 落差 有 4 米 多 ， 山洪 下来 的 时候 ， 河水 都 漫过 桥面 了 。 ”,3,3,3
8ae38357-bc21-4639-be17-65a4926a252f,"“Public transport 一般 保养 的 都 比较 勤, 车况 也 比较 好, 如果 价格 合适的话 想先 买辆 二手车 过渡 一下。”","""Governmental cars, in most cases, are in active maintenance and in a good condition. If the price is suitable, I'd like to purchase a second-hand car to make do with it.""","“ 公车 一般 保养 的 都 比较 勤 , 车况 也 比较 好 , 价格 合适 的话 想先 买辆 二手车 过渡 一下 。 ”",2,3,2
8c5ee60a-44fb-43a1-b533-962f83f36b0e,"""Governmental cars, 通常都是 in active maintenance 和 in good condition. 如果价格合适, 我想买一辆 second-hand car 来将就 it.""","""Governmental cars, in most cases, are in active maintenance and in a good condition. If the price is suitable, I'd like to purchase a second-hand car to make do with it.""","“ 公车 一般 保养 的 都 比较 勤 , 车况 也 比较 好 , 价格 合适 的话 想先 买辆 二手车 过渡 一下 。 ”",3,2,3
bbef8362-8b33-4a19-a5f0-335f107e4b2c,"政府车辆大多数时候都在 active maintenance state， condition okay lah。如果 price suitable, I also want buy second-hand car use lor.","""Governmental cars, in most cases, are in active maintenance and in a good condition. If the price is suitable, I'd like to purchase a second-hand car to make do with it.""","“ 公车 一般 保养 的 都 比较 勤 , 车况 也 比较 好 , 价格 合适 的话 想先 买辆 二手车 过渡 一下 。 ”",2,3,3
7c08bc7c-3c5f-4f77-96d2-badd2ecca8a7,"Governmental cars, leh, usually got active maintenance and condition okay. If price suitable, I wanna buy second-hand cars, make do with it, okay!","""Governmental cars, in most cases, are in active maintenance and in a good condition. If the price is suitable, I'd like to purchase a second-hand car to make do with it.""","“ 公车 一般 保养 的 都 比较 勤 , 车况 也 比较 好 , 价格 合适 的话 想先 买辆 二手车 过渡 一下 。 ”",3,3,1
416baa32-b251-40fa-9267-0d52cc19b280,政府的车，通常都在 active maintenance 而且 condition 也很好。如果价钱合适的话，我想买一辆二手车来将就用。,"""Governmental cars, in most cases, are in active maintenance and in a good condition. If the price is suitable, I'd like to purchase a second-hand car to make do with it.""","“ 公车 一般 保养 的 都 比较 勤 , 车况 也 比较 好 , 价格 合适 的话 想先 买辆 二手车 过渡 一下 。 ”",3,3,2
68be43a6-2a08-4fd2-b5bb-b298aba8593d,"“Bus 通常 保养 比较勤, 车况 也比较好, 如果 价钱 合适的话 想先 买辆 二手车 来 过渡 一下。”","""Governmental cars, in most cases, are in active maintenance and in a good condition. If the price is suitable, I'd like to purchase a second-hand car to make do with it.""","“ 公车 一般 保养 的 都 比较 勤 , 车况 也 比较 好 , 价格 合适 的话 想先 买辆 二手车 过渡 一下 。 ”",2,3,2
35bfb1d7-b310-4aa6-b7c1-39ab58ddbf01,"“ 公车 一般 都 保养 比较 勤 , 如果 价格 合适 的话 想 先 买辆 二手车 过渡 一下 。 ”","""Governmental cars, in most cases, are in active maintenance and in a good condition. If the price is suitable, I'd like to purchase a second-hand car to make do with it.""","“ 公车 一般 保养 的 都 比较 勤 , 车况 也 比较 好 , 价格 合适 的话 想先 买辆 二手车 过渡 一下 。 ”",3,3,1
cb8d1aca-23aa-4fd4-b761-1070dc59efd6,"“ Ah, public buses 一般 la, maintain quite 勤, condition also quite 好, price suitable leh, so want先 buy second-hand car first, pass some time la, car condition also quite 好 leh! ”","""Governmental cars, in most cases, are in active maintenance and in a good condition. If the price is suitable, I'd like to purchase a second-hand car to make do with it.""","“ 公车 一般 保养 的 都 比较 勤 , 车况 也 比较 好 , 价格 合适 的话 想先 买辆 二手车 过渡 一下 。 ”",2,3,3
6840ceac-101d-482d-83ff-2e2eae42f67f,"Public transport lor generally 保养 leh, leh most people quite busy, car condition also quite good, price suitable leh, so wanna buy a used car for a while 公车一般保养的都比较勤，车况也比较好，价格合适的话想先买辆二手车过渡一下。","""Governmental cars, in most cases, are in active maintenance and in a good condition. If the price is suitable, I'd like to purchase a second-hand car to make do with it.""","“ 公车 一般 保养 的 都 比较 勤 , 车况 也 比较 好 , 价格 合适 的话 想先 买辆 二手车 过渡 一下 。 ”",1,2,2
d3951c59-e157-4ff4-b605-525de4ca412f,"""Public bus leh, generally speaking, maintenance quite regular, condition also quite good, price okay lor, if suitable, wanna buy used car first, transition a bit.""","""Governmental cars, in most cases, are in active maintenance and in a good condition. If the price is suitable, I'd like to purchase a second-hand car to make do with it.""","“ 公车 一般 保养 的 都 比较 勤 , 车况 也 比较 好 , 价格 合适 的话 想先 买辆 二手车 过渡 一下 。 ”",2,2,1
375423eb-6c82-45a7-b28d-baa94320792e,"""Governmental 的 cars, 通常都在 active maintenance, condition 也不错。如果价格合适，我想买一辆二手车来凑合一下。""","""Governmental cars, in most cases, are in active maintenance and in a good condition. If the price is suitable, I'd like to purchase a second-hand car to make do with it.""","“ 公车 一般 保养 的 都 比较 勤 , 车况 也 比较 好 , 价格 合适 的话 想先 买辆 二手车 过渡 一下 。 ”",3,3,3
61d8cd93-d18f-4f24-a702-1d9ca6eca6d3,"Governmental lor, most times got active maintenance and good condition leh. If price suitable, I want buy second-hand car lah, make do with it kan.","""Governmental cars, in most cases, are in active maintenance and in a good condition. If the price is suitable, I'd like to purchase a second-hand car to make do with it.""","“ 公车 一般 保养 的 都 比较 勤 , 车况 也 比较 好 , 价格 合适 的话 想先 买辆 二手车 过渡 一下 。 ”",2,3,1
b4c365da-44b6-47b2-b471-e3a2134d2f6b,"Deyan说 ""Ah want referendum leh, but Ah no protest lah, security reason ah.""","""I want a referendum, but I won't protest for security reasons,"" said Deyan.",德扬 表示 ： “ 我 希望 进行 公民投票 ， 但是 为了 安全 起见 我 不会 进行 抗议 。 ”,2,1,2
3f7da851-a3ad-43c8-bf5c-1fd98a4a06f0,"""Deyan说，我想要一个公投，但出于安全原因，我不会去抗议。""","""I want a referendum, but I won't protest for security reasons,"" said Deyan.",德扬 表示 ： “ 我 希望 进行 公民投票 ， 但是 为了 安全 起见 我 不会 进行 抗议 。 ”,3,3,1
9595112a-2d51-48ac-8b13-093f9060ffb0,"Lah, Ah Yong say: ""I hope to ballot, but leh, for safety sake, I won't protest, you know?""","""I want a referendum, but I won't protest for security reasons,"" said Deyan.",德扬 表示 ： “ 我 希望 进行 公民投票 ， 但是 为了 安全 起见 我 不会 进行 抗议 。 ”,2,2,1
eb125246-c8f8-42e7-918c-4732b0a8adf7,"Deyan say ""Ah, I want referendum lah, but I no protest lor, security reasons leh.""","""I want a referendum, but I won't protest for security reasons,"" said Deyan.",德扬 表示 ： “ 我 希望 进行 公民投票 ， 但是 为了 安全 起见 我 不会 进行 抗议 。 ”,2,1,1
b8c77960-a306-48ad-9c3a-baa4d5bb1746,"""Deyan说, '我想要公投, 可是为了安全我不会去抗议.'""","""I want a referendum, but I won't protest for security reasons,"" said Deyan.",德扬 表示 ： “ 我 希望 进行 公民投票 ， 但是 为了 安全 起见 我 不会 进行 抗议 。 ”,3,3,1
946be322-858d-4c1a-8075-122938f641d5,德扬 表示 : “ 我 希望 进行 公民投票 ， 但是 为了 安全 起见 我 不会 进行 抗议。”,"""I want a referendum, but I won't protest for security reasons,"" said Deyan.",德扬 表示 ： “ 我 希望 进行 公民投票 ， 但是 为了 安全 起见 我 不会 进行 抗议 。 ”,3,3,1
e0591d71-3103-4f0b-85c6-89908c22b9b4,"""I lor referendum, but I no protest lor security reason,"" say Deyan.","""I want a referendum, but I won't protest for security reasons,"" said Deyan.",德扬 表示 ： “ 我 希望 进行 公民投票 ， 但是 为了 安全 起见 我 不会 进行 抗议 。 ”,2,1,1
e926318a-59fb-4cf5-8cb5-3abb13296320,德扬 表示 ： “ 我 希望 进行 公民投票 ，但是 为了 安全 起见 我 不会 进行 抗议。”,"""I want a referendum, but I won't protest for security reasons,"" said Deyan.",德扬 表示 ： “ 我 希望 进行 公民投票 ， 但是 为了 安全 起见 我 不会 进行 抗议 。 ”,3,3,1
aa94e048-17f5-4514-83f7-c7162e88c885,"""I want 一个 referendum, but 我 won't protest for security reasons,"" said Deyan.","""I want a referendum, but I won't protest for security reasons,"" said Deyan.",德扬 表示 ： “ 我 希望 进行 公民投票 ， 但是 为了 安全 起见 我 不会 进行 抗议 。 ”,3,3,2
de3681cb-3391-466f-9a62-b5df46a78f05,"Derek say lor, ""I hope do referendum, but for safety sake, I no go protest lah.""","""I want a referendum, but I won't protest for security reasons,"" said Deyan.",德扬 表示 ： “ 我 希望 进行 公民投票 ， 但是 为了 安全 起见 我 不会 进行 抗议 。 ”,2,3,1
e5b011f1-d843-415a-942d-ee10e304038c,"德扬 say: “I 希望 to do 公民投票, but 为了安全, I 不会去 抗议。”","""I want a referendum, but I won't protest for security reasons,"" said Deyan.",德扬 表示 ： “ 我 希望 进行 公民投票 ， 但是 为了 安全 起见 我 不会 进行 抗议 。 ”,3,3,3
1c8cad5e-6187-47f0-a76a-079f20c344de,"Lah, Ah De yang say lor： “ Ah, I hope can go for referendum, but for safety sake, I no go protest leh.”","""I want a referendum, but I won't protest for security reasons,"" said Deyan.",德扬 表示 ： “ 我 希望 进行 公民投票 ， 但是 为了 安全 起见 我 不会 进行 抗议 。 ”,1,1,1
d2b9b38c-fb96-4ea1-9f3a-2f8f405ca2f3,"After dat, dis Welsh swimmer say, ""I rather dis be one clean fight.""","""I would've preferred it to have been a completely clean Games,"" the 20-year-old Welsh swimmer said afterwards.",事后 这位 来自 威尔士 的 20 岁 游泳 选手 表示 ： “ 我 宁愿 这是 一场 完全 干净 的 比赛 。 ”,2,3,1
d1e3cae8-14f0-4d6a-9e91-8ed09aa417ba,"After the event, this 20-year-old swimmer from Wales 表示: “I rather this be a 完全干净的比赛.”","""I would've preferred it to have been a completely clean Games,"" the 20-year-old Welsh swimmer said afterwards.",事后 这位 来自 威尔士 的 20 岁 游泳 选手 表示 ： “ 我 宁愿 这是 一场 完全 干净 的 比赛 。 ”,3,3,3
b677fbf1-7970-4855-9334-e90eac7d9b1b,事后这位来自威尔士的20岁游泳选手表示：“我宁愿这是一个完全干净的比赛。”,"""I would've preferred it to have been a completely clean Games,"" the 20-year-old Welsh swimmer said afterwards.",事后 这位 来自 威尔士 的 20 岁 游泳 选手 表示 ： “ 我 宁愿 这是 一场 完全 干净 的 比赛 。 ”,3,3,1
722179e4-91ae-49a0-a751-acf115fc2940,"After that, dis 20-year-old swimmer from Wales say, ""I rather dis be one clean fight lah!""","""I would've preferred it to have been a completely clean Games,"" the 20-year-old Welsh swimmer said afterwards.",事后 这位 来自 威尔士 的 20 岁 游泳 选手 表示 ： “ 我 宁愿 这是 一场 完全 干净 的 比赛 。 ”,3,3,1
fd9a03a7-467b-4aa3-87f0-64bf04852fc0,"This Wales boy 20 years old swimmer say ""Ah, I rather dis one very clean ah!""","""I would've preferred it to have been a completely clean Games,"" the 20-year-old Welsh swimmer said afterwards.",事后 这位 来自 威尔士 的 20 岁 游泳 选手 表示 ： “ 我 宁愿 这是 一场 完全 干净 的 比赛 。 ”,1,1,1
7417bdce-6103-4fd1-ae05-dc0336ddb708,I would've prefer leh Games super clean leh.,"""I would've preferred it to have been a completely clean Games,"" the 20-year-old Welsh swimmer said afterwards.",事后 这位 来自 威尔士 的 20 岁 游泳 选手 表示 ： “ 我 宁愿 这是 一场 完全 干净 的 比赛 。 ”,1,1,1
4b8c93e2-8e9e-4b25-a47b-ba74a3d73fd8,"事后, this 20-year-old swimmer from 威尔士 said: ""I rather this be a 完全 干净 的 比赛.""","""I would've preferred it to have been a completely clean Games,"" the 20-year-old Welsh swimmer said afterwards.",事后 这位 来自 威尔士 的 20 岁 游泳 选手 表示 ： “ 我 宁愿 这是 一场 完全 干净 的 比赛 。 ”,3,3,2
6fea383f-a11f-4d77-bf11-ff113a431d52,"“我 would’ve preferred 如果是一个完全 clean 的 Games,” 这位 20-year-old Welsh swimmer 之后说。","""I would've preferred it to have been a completely clean Games,"" the 20-year-old Welsh swimmer said afterwards.",事后 这位 来自 威尔士 的 20 岁 游泳 选手 表示 ： “ 我 宁愿 这是 一场 完全 干净 的 比赛 。 ”,2,2,3
8e801076-cda1-4637-a0d9-081ae1e3e873,"""我本来希望这次 Games 完全干净,"" 这位20岁的威尔士游泳选手事后说。","""I would've preferred it to have been a completely clean Games,"" the 20-year-old Welsh swimmer said afterwards.",事后 这位 来自 威尔士 的 20 岁 游泳 选手 表示 ： “ 我 宁愿 这是 一场 完全 干净 的 比赛 。 ”,3,3,2
149bd3b3-e9d1-477e-87ce-269012b6811d,"我想 lar Games super clean lor, 20岁 Wales swimmer say so after ah.","""I would've preferred it to have been a completely clean Games,"" the 20-year-old Welsh swimmer said afterwards.",事后 这位 来自 威尔士 的 20 岁 游泳 选手 表示 ： “ 我 宁愿 这是 一场 完全 干净 的 比赛 。 ”,3,1,3
ef1c47cf-e098-4fca-9d4e-c866f97df8a4,"I would've preferred ""我"" Wales 20-year-old swimmer say after Games so clean ah.","""I would've preferred it to have been a completely clean Games,"" the 20-year-old Welsh swimmer said afterwards.",事后 这位 来自 威尔士 的 20 岁 游泳 选手 表示 ： “ 我 宁愿 这是 一场 完全 干净 的 比赛 。 ”,1,1,1
b19b9f8c-4c75-4429-b7e0-beef5506a4f5,"""我比较希望这次比赛是一个完全干净的 Games,"" 这位20岁的威尔士游泳选手事后说。","""I would've preferred it to have been a completely clean Games,"" the 20-year-old Welsh swimmer said afterwards.",事后 这位 来自 威尔士 的 20 岁 游泳 选手 表示 ： “ 我 宁愿 这是 一场 完全 干净 的 比赛 。 ”,3,3,1
b594f527-2d5e-466e-8eda-0f70148caeb4,"Kiasu stock investor 骑马 say, ""I no got confidence in market above 3000 points, still scared of big expansion and new listings lah.""","""I'm less confident in the stock market above 3,000 points, and feel jittery about the expansion of new share issue"", elder stock investor Mr Chen told journalists of Wuhan Evening News.",股民 老 陈对 武汉 晚报 记者 说 ： “ 我 对 3000 点 之上 的 行情 信心 不足 ， 对于 大 扩容 发 新股 还是 怕怕 的 。 ”,1,3,2
35b7e762-fadc-40cf-80da-0ce27112286c,"""我 less confident in the stock market 超过 3,000 points, and feel jittery 关于 new share issue 的扩展,"" elder stock investor Mr Chen 告诉 journalists of Wuhan Evening News.","""I'm less confident in the stock market above 3,000 points, and feel jittery about the expansion of new share issue"", elder stock investor Mr Chen told journalists of Wuhan Evening News.",股民 老 陈对 武汉 晚报 记者 说 ： “ 我 对 3000 点 之上 的 行情 信心 不足 ， 对于 大 扩容 发 新股 还是 怕怕 的 。 ”,3,2,3
6b3ab3d6-4c8e-4685-9441-3ce1d1749a43,"Stock market ah, Lao Chen say to Wuhan Evening News reporter, ""I no confident in leh, above 3000 points, still scare lor, worried about big expansion, new shares leh, still scared leh.""","""I'm less confident in the stock market above 3,000 points, and feel jittery about the expansion of new share issue"", elder stock investor Mr Chen told journalists of Wuhan Evening News.",股民 老 陈对 武汉 晚报 记者 说 ： “ 我 对 3000 点 之上 的 行情 信心 不足 ， 对于 大 扩容 发 新股 还是 怕怕 的 。 ”,1,1,1
102ced42-eb0b-4200-905a-695fcbe38661,股民老陈对武汉晚报记者说：“I no confidence 对 3000 点 以上的行情，关于大扩容发新股，我 still a bit scared lah。”,"""I'm less confident in the stock market above 3,000 points, and feel jittery about the expansion of new share issue"", elder stock investor Mr Chen told journalists of Wuhan Evening News.",股民 老 陈对 武汉 晚报 记者 说 ： “ 我 对 3000 点 之上 的 行情 信心 不足 ， 对于 大 扩容 发 新股 还是 怕怕 的 。 ”,3,2,3
33d2d3cc-bee0-4911-b54b-edb0578813ef,"我在3,000点以上的股市不自信，新股发行扩大让我很紧张，老股民陈先生对武汉晚报记者说。","""I'm less confident in the stock market above 3,000 points, and feel jittery about the expansion of new share issue"", elder stock investor Mr Chen told journalists of Wuhan Evening News.",股民 老 陈对 武汉 晚报 记者 说 ： “ 我 对 3000 点 之上 的 行情 信心 不足 ， 对于 大 扩容 发 新股 还是 怕怕 的 。 ”,3,3,1
84df138b-756a-40f1-b346-3b12ef06f232,股民 老 陈对武汉晚报记者说：“我对3000点之上的行情信心不足，对于大扩容发新股还是怕怕的。”,"""I'm less confident in the stock market above 3,000 points, and feel jittery about the expansion of new share issue"", elder stock investor Mr Chen told journalists of Wuhan Evening News.",股民 老 陈对 武汉 晚报 记者 说 ： “ 我 对 3000 点 之上 的 行情 信心 不足 ， 对于 大 扩容 发 新股 还是 怕怕 的 。 ”,3,3,1
60c768c3-1283-4937-8fe5-529e67b76a93,"""我对股票市场在3000点以上的 confidence 变得比较低，觉得新股发行的扩张让我有点 jittery,"" 老股民陈先生对武汉晚报的记者说。","""I'm less confident in the stock market above 3,000 points, and feel jittery about the expansion of new share issue"", elder stock investor Mr Chen told journalists of Wuhan Evening News.",股民 老 陈对 武汉 晚报 记者 说 ： “ 我 对 3000 点 之上 的 行情 信心 不足 ， 对于 大 扩容 发 新股 还是 怕怕 的 。 ”,3,3,3
a43a0dcc-2b46-4c20-9b88-0d974aae886b,"Ah Beng leh, above 3,000 points, I no confident lor, feel kiasu new share issue expand, leh!","""I'm less confident in the stock market above 3,000 points, and feel jittery about the expansion of new share issue"", elder stock investor Mr Chen told journalists of Wuhan Evening News.",股民 老 陈对 武汉 晚报 记者 说 ： “ 我 对 3000 点 之上 的 行情 信心 不足 ， 对于 大 扩容 发 新股 还是 怕怕 的 。 ”,1,1,1
1378b527-dd47-4315-ac0b-751c1d5999d8,"Stock ah, Lao Chen tell Wuhan late news reporter, ""Me no confidence leh, above 3000 points leh, and big expansion, new stock leh, still scared leh.""","""I'm less confident in the stock market above 3,000 points, and feel jittery about the expansion of new share issue"", elder stock investor Mr Chen told journalists of Wuhan Evening News.",股民 老 陈对 武汉 晚报 记者 说 ： “ 我 对 3000 点 之上 的 行情 信心 不足 ， 对于 大 扩容 发 新股 还是 怕怕 的 。 ”,2,1,1
5134e336-0ada-4806-89e6-c5790c387787,股民老陈对武汉晚报记者说：“我对3000点之上的行情信心不足，对于大扩容发新股还是怕怕的。”,"""I'm less confident in the stock market above 3,000 points, and feel jittery about the expansion of new share issue"", elder stock investor Mr Chen told journalists of Wuhan Evening News.",股民 老 陈对 武汉 晚报 记者 说 ： “ 我 对 3000 点 之上 的 行情 信心 不足 ， 对于 大 扩容 发 新股 还是 怕怕 的 。 ”,3,3,1
96b81ff0-e037-4e51-baeb-f6af85cde87b,"""I'm"" ah,股市 above 3,000 points,我 feel jittery about new share issue expansion,老股民陈先生 tell Wuhan Evening News journalists.","""I'm less confident in the stock market above 3,000 points, and feel jittery about the expansion of new share issue"", elder stock investor Mr Chen told journalists of Wuhan Evening News.",股民 老 陈对 武汉 晚报 记者 说 ： “ 我 对 3000 点 之上 的 行情 信心 不足 ， 对于 大 扩容 发 新股 还是 怕怕 的 。 ”,2,2,2
cc575fe5-3013-41b9-9b30-a59e381d2d91,"“我对股市超过 3,000 点的信心比较低，觉得新股发行扩张让我很 jittery,” 老股民陈先生对武汉晚报的记者说。","""I'm less confident in the stock market above 3,000 points, and feel jittery about the expansion of new share issue"", elder stock investor Mr Chen told journalists of Wuhan Evening News.",股民 老 陈对 武汉 晚报 记者 说 ： “ 我 对 3000 点 之上 的 行情 信心 不足 ， 对于 大 扩容 发 新股 还是 怕怕 的 。 ”,3,3,3
a3638af9-e238-4c39-a254-9c5efec7d866,"City leh, residences in cities leh, Jining future leh, everywhere got residences, school districts leh, old idea break leh!","""In contrast with the relative concentration of residences in cities, the residences of Jining in the future are expected to be located all around the city and the traditional idea about school districts will be broken.""",“ 与 以往 的 城市 居住区 相对 集中 相比 ， 将来 济宁 的 居住区 会 遍布 城市 的 四周 ， 而 传统 的 学区 概念 也 将 被 打破 。 ”,2,1,1
b2752ad3-ffa4-4795-97ef-72038f34e9c4,"“ In the future, 济宁 的 居住区 会 遍布 城市 的 四周， 与 以往 的 城市 居住区 相对 集中 相比， 而 传统 的 学区 概念 也 将 被 打破。”","""In contrast with the relative concentration of residences in cities, the residences of Jining in the future are expected to be located all around the city and the traditional idea about school districts will be broken.""",“ 与 以往 的 城市 居住区 相对 集中 相比 ， 将来 济宁 的 居住区 会 遍布 城市 的 四周 ， 而 传统 的 学区 概念 也 将 被 打破 。 ”,3,2,1
dbb6bfbb-86a2-4d50-9926-7221a421e439,"""In contrast with 相对 的 concentration 在城市, Jining 的住宅 未来 预计 会 located 在城市四周, 而 传统 的 school 区域观念 会被打破。""","""In contrast with the relative concentration of residences in cities, the residences of Jining in the future are expected to be located all around the city and the traditional idea about school districts will be broken.""",“ 与 以往 的 城市 居住区 相对 集中 相比 ， 将来 济宁 的 居住区 会 遍布 城市 的 四周 ， 而 传统 的 学区 概念 也 将 被 打破 。 ”,3,2,3
09490e46-f231-4a9d-91cb-ce164427a9e5,"Lah, compare with old days 的 city living area, future Jinjing living area go spread out around city, kpkb traditional school zone concept also break down, leh!","""In contrast with the relative concentration of residences in cities, the residences of Jining in the future are expected to be located all around the city and the traditional idea about school districts will be broken.""",“ 与 以往 的 城市 居住区 相对 集中 相比 ， 将来 济宁 的 居住区 会 遍布 城市 的 四周 ， 而 传统 的 学区 概念 也 将 被 打破 。 ”,2,3,1
984b9c1c-088d-4137-8689-f01c1bc2ce13,跟城市的住宅集中相比，未来济宁的住宅预计会遍布整个城市，传统的学区观念会被打破。,"""In contrast with the relative concentration of residences in cities, the residences of Jining in the future are expected to be located all around the city and the traditional idea about school districts will be broken.""",“ 与 以往 的 城市 居住区 相对 集中 相比 ， 将来 济宁 的 居住区 会 遍布 城市 的 四周 ， 而 传统 的 学区 概念 也 将 被 打破 。 ”,3,3,1
d9cc69d4-c6c1-42ab-9727-de47bb8e227a,"City lor, compare with cities leh, Jining's residence future leh, scattered everywhere, traditional school district idea break down, expected leh, not like before, concentration of residence leh, ""in"" city, contrast leh, ""are"" scattered everywhere, about school leh, traditional leh, relative leh, ""in"" city, and leh, expected leh, break down leh.","""In contrast with the relative concentration of residences in cities, the residences of Jining in the future are expected to be located all around the city and the traditional idea about school districts will be broken.""",“ 与 以往 的 城市 居住区 相对 集中 相比 ， 将来 济宁 的 居住区 会 遍布 城市 的 四周 ， 而 传统 的 学区 概念 也 将 被 打破 。 ”,1,1,1
3d437fef-61ad-4aca-b4f4-f4d22301f86d,"City leh, Jining future leh, residences scatter all around, traditional idea of school districts lor, will be broken ""in"" leh, ah!","""In contrast with the relative concentration of residences in cities, the residences of Jining in the future are expected to be located all around the city and the traditional idea about school districts will be broken.""",“ 与 以往 的 城市 居住区 相对 集中 相比 ， 将来 济宁 的 居住区 会 遍布 城市 的 四周 ， 而 传统 的 学区 概念 也 将 被 打破 。 ”,2,1,1
815a284c-2aee-4c36-a8ef-0ed7e1323d72,"""Compared to以前的城市居住区那么集中，未来济宁的居住区会分布在城市的四周，传统的学区概念也会被打破.""","""In contrast with the relative concentration of residences in cities, the residences of Jining in the future are expected to be located all around the city and the traditional idea about school districts will be broken.""",“ 与 以往 的 城市 居住区 相对 集中 相比 ， 将来 济宁 的 居住区 会 遍布 城市 的 四周 ， 而 传统 的 学区 概念 也 将 被 打破 。 ”,3,3,3
febec750-6536-49e4-a5f8-6f8af4c17eec,"“ In the future, 济宁 的 居住区 将遍布城市的四周, 而 传统的 学区 概念 也 将 被 打破。”","""In contrast with the relative concentration of residences in cities, the residences of Jining in the future are expected to be located all around the city and the traditional idea about school districts will be broken.""",“ 与 以往 的 城市 居住区 相对 集中 相比 ， 将来 济宁 的 居住区 会 遍布 城市 的 四周 ， 而 传统 的 学区 概念 也 将 被 打破 。 ”,2,3,1
3ebb45a6-b90c-49c4-b06b-c68fc200ac07,"“Wah, compare to before, city living area very cluster leh. Next time, Ji'ning's living area gonna spread all over the city, and traditional school district concept also gonna be kaput leh.”","""In contrast with the relative concentration of residences in cities, the residences of Jining in the future are expected to be located all around the city and the traditional idea about school districts will be broken.""",“ 与 以往 的 城市 居住区 相对 集中 相比 ， 将来 济宁 的 居住区 会 遍布 城市 的 四周 ， 而 传统 的 学区 概念 也 将 被 打破 。 ”,2,3,1
79d41129-667d-49e6-843a-e2b18382fcbc,"跟传统的 idea 说，未来 Jining 的 residences 会分布在城市各个地方，school districts 的概念 will 被 broken.""","""In contrast with the relative concentration of residences in cities, the residences of Jining in the future are expected to be located all around the city and the traditional idea about school districts will be broken.""",“ 与 以往 的 城市 居住区 相对 集中 相比 ， 将来 济宁 的 居住区 会 遍布 城市 的 四周 ， 而 传统 的 学区 概念 也 将 被 打破 。 ”,2,2,3
bf0f5815-ccd8-4681-8277-6367e7090376,"""Ah, lor, future Jining's HDB gonna spread out all over da city, leh, and da traditional concept of school zones gonna be torn apart, ya know?""","""In contrast with the relative concentration of residences in cities, the residences of Jining in the future are expected to be located all around the city and the traditional idea about school districts will be broken.""",“ 与 以往 的 城市 居住区 相对 集中 相比 ， 将来 济宁 的 居住区 会 遍布 城市 的 四周 ， 而 传统 的 学区 概念 也 将 被 打破 。 ”,2,3,1
261d27c5-b36c-4291-bd1d-93fa217ad48e,国家和平是不是要包容或排斥？是不是每个人都有平等的机会？,"""Is a peaceful country one that promotes inclusion or exclusion; is it one in which everyone has equal opportunities?"" she said.",她 说 ： “ 一个 和平 的 国家 应该 促进 包容 还是 纵容 排斥 ； 它 是否 应该 让 所有人 都 享有 平等 的 机会 ？ ”,2,2,1
eacc7685-972d-4636-85ec-7dcb4a06c81a,她 说 ： “ 一个 和平 的 国家 应该 促进 包容 还是 纵容 排斥 ； 它 是否 应该 让 所有人 都 享有 平等 的 机会 ？”,"""Is a peaceful country one that promotes inclusion or exclusion; is it one in which everyone has equal opportunities?"" she said.",她 说 ： “ 一个 和平 的 国家 应该 促进 包容 还是 纵容 排斥 ； 它 是否 应该 让 所有人 都 享有 平等 的 机会 ？ ”,3,3,1
7db01905-3359-4877-89a3-7eac0276a82f,"She say, ""One peaceful country lah, should promote lah, or tolerate lah, discriminate leh? It should let everyone, including all, enjoy equal chance ah? ""","""Is a peaceful country one that promotes inclusion or exclusion; is it one in which everyone has equal opportunities?"" she said.",她 说 ： “ 一个 和平 的 国家 应该 促进 包容 还是 纵容 排斥 ； 它 是否 应该 让 所有人 都 享有 平等 的 机会 ？ ”,2,1,1
77dfed8e-8345-404a-8798-48827c4cad50,"""Is a 和平的国家 one that promotes inclusion or exclusion; is it one in which everyone has equal opportunities?"" she said.","""Is a peaceful country one that promotes inclusion or exclusion; is it one in which everyone has equal opportunities?"" she said.",她 说 ： “ 一个 和平 的 国家 应该 促进 包容 还是 纵容 排斥 ； 它 是否 应该 让 所有人 都 享有 平等 的 机会 ？ ”,3,3,2
6322bab7-27ce-42fb-90eb-55a793afd536,"She say: ""One ah, peaceful country should promote ah, tolerate lah, or discriminate leh; it or not should let everyone enjoy equal chance ah?""","""Is a peaceful country one that promotes inclusion or exclusion; is it one in which everyone has equal opportunities?"" she said.",她 说 ： “ 一个 和平 的 国家 应该 促进 包容 还是 纵容 排斥 ； 它 是否 应该 让 所有人 都 享有 平等 的 机会 ？ ”,2,1,1
1e077177-1a8b-4023-be2b-3166743fc248,"She say: ""One peaceful country should promote lah, not just tolerate leh, or discriminate leh; whether it should let everyone enjoy equal chance ah?""","""Is a peaceful country one that promotes inclusion or exclusion; is it one in which everyone has equal opportunities?"" she said.",她 说 ： “ 一个 和平 的 国家 应该 促进 包容 还是 纵容 排斥 ； 它 是否 应该 让 所有人 都 享有 平等 的 机会 ？ ”,1,1,1
811c5586-5ebc-41e6-b6e6-bb1c221a0fca,"""一个和平的国家是促进包容还是排斥的？是一个每个人都有平等机会的地方吗？"" 她说。","""Is a peaceful country one that promotes inclusion or exclusion; is it one in which everyone has equal opportunities?"" she said.",她 说 ： “ 一个 和平 的 国家 应该 促进 包容 还是 纵容 排斥 ； 它 是否 应该 让 所有人 都 享有 平等 的 机会 ？ ”,3,3,1
d9c706ae-af64-4839-a7f6-cb0962667ac7,"""一个和平的国家是 promote inclusion 还是 exclusion 呢; 是一个每个人都有 equal opportunities 的国家吗?""她说。","""Is a peaceful country one that promotes inclusion or exclusion; is it one in which everyone has equal opportunities?"" she said.",她 说 ： “ 一个 和平 的 国家 应该 促进 包容 还是 纵容 排斥 ； 它 是否 应该 让 所有人 都 享有 平等 的 机会 ？ ”,3,2,3
6e7e707c-85df-47f4-ba34-c7f84ee0e3d9,她说：“一个和平的国家应该促进包容还是纵容排斥；它是否应该让所有人都有平等的机会？”,"""Is a peaceful country one that promotes inclusion or exclusion; is it one in which everyone has equal opportunities?"" she said.",她 说 ： “ 一个 和平 的 国家 应该 促进 包容 还是 纵容 排斥 ； 它 是否 应该 让 所有人 都 享有 平等 的 机会 ？ ”,3,3,1
d49b4762-7b30-4874-854a-9ddb597393cf,"La la, peaceful country lor, one promote inclusion or exclusion ah, whether everyone equal chance lor.","""Is a peaceful country one that promotes inclusion or exclusion; is it one in which everyone has equal opportunities?"" she said.",她 说 ： “ 一个 和平 的 国家 应该 促进 包容 还是 纵容 排斥 ； 它 是否 应该 让 所有人 都 享有 平等 的 机会 ？ ”,2,1,1
3e9103ee-44a4-405b-82aa-595b922b1296,She say: “一个和平的国家应该 promote 包容 or 纵容 排斥; 它是不是应该让 everyone 都享有 equal 的机会?”,"""Is a peaceful country one that promotes inclusion or exclusion; is it one in which everyone has equal opportunities?"" she said.",她 说 ： “ 一个 和平 的 国家 应该 促进 包容 还是 纵容 排斥 ； 它 是否 应该 让 所有人 都 享有 平等 的 机会 ？ ”,3,3,3
6ede439e-eca5-4a20-a44d-2ea27648b3a5,"""Is"" or not ""is""？ 问国是否是包容或排除的国家，是每个人都有平等机会的国家？","""Is a peaceful country one that promotes inclusion or exclusion; is it one in which everyone has equal opportunities?"" she said.",她 说 ： “ 一个 和平 的 国家 应该 促进 包容 还是 纵容 排斥 ； 它 是否 应该 让 所有人 都 享有 平等 的 机会 ？ ”,1,1,1
f0efe486-63b7-4922-bbc1-4d14c1fd54d8,"""It was utterly impossible to adopt internal telemetry technology in the past, 因为 a tiny object cannot be put into a very deep place,"" he 解释了.","""It was utterly impossible to adopt internal telemetry technology in the past, because a tiny object cannot be put into a very deep place,"" explained he.",他 解释 说 ， “ 采用 体内 遥测技术 曾经 是 绝无 可能 的 ， 因为 无法 将 一个 超小 的 物体 放入 很深 的 地方 。,3,2,3
6fb976e1-26bb-4a3c-ab6b-fe7dedfc7291,"Lah, he explain say, ""Use internal remote sensing technology once upon a time impossible la, because cannot put small small thing into very deep place leh.""","""It was utterly impossible to adopt internal telemetry technology in the past, because a tiny object cannot be put into a very deep place,"" explained he.",他 解释 说 ， “ 采用 体内 遥测技术 曾经 是 绝无 可能 的 ， 因为 无法 将 一个 超小 的 物体 放入 很深 的 地方 。,3,2,1
3596966e-f18a-4601-94e1-3e0cc212be4a,他 解释 说 ， “ 采用 体内 遥测技术 曾经 是 绝无 可能 的 ，因为 无法 将 一个 超小 的 物体 放入 很深 的 地方。”,"""It was utterly impossible to adopt internal telemetry technology in the past, because a tiny object cannot be put into a very deep place,"" explained he.",他 解释 说 ， “ 采用 体内 遥测技术 曾经 是 绝无 可能 的 ， 因为 无法 将 一个 超小 的 物体 放入 很深 的 地方 。,3,3,1
f6732c30-fd68-4fb1-b9fe-71d3b6b9a08e,"他 explain say, “Using body remote sensing technology 曾经 是绝无可能 的, because cannot 放入 a 超小 物体 into 很深 place.”","""It was utterly impossible to adopt internal telemetry technology in the past, because a tiny object cannot be put into a very deep place,"" explained he.",他 解释 说 ， “ 采用 体内 遥测技术 曾经 是 绝无 可能 的 ， 因为 无法 将 一个 超小 的 物体 放入 很深 的 地方 。,3,2,3
7c69387e-de6b-45e9-89bd-e3bd14af07e5,"""It lor he say, past leh, adopt internal telemetry tech no can, tiny object no can put into very deep place.""","""It was utterly impossible to adopt internal telemetry technology in the past, because a tiny object cannot be put into a very deep place,"" explained he.",他 解释 说 ， “ 采用 体内 遥测技术 曾经 是 绝无 可能 的 ， 因为 无法 将 一个 超小 的 物体 放入 很深 的 地方 。,3,2,1
c2ae7cd2-02a0-4793-8b1e-cf8e1f0b221b,他说过去绝对不可能adopt internal telemetry technology，因为一个小object不能放进一个很深的地方。,"""It was utterly impossible to adopt internal telemetry technology in the past, because a tiny object cannot be put into a very deep place,"" explained he.",他 解释 说 ， “ 采用 体内 遥测技术 曾经 是 绝无 可能 的 ， 因为 无法 将 一个 超小 的 物体 放入 很深 的 地方 。,3,3,3
5adfd0f6-e694-4dc4-b1c6-a091a1f814c8,"Lah, he explain say, “ Ah, adopt internal remote sensing technology used to be impossible, because no way put one super small thing into very deep place, leh! “","""It was utterly impossible to adopt internal telemetry technology in the past, because a tiny object cannot be put into a very deep place,"" explained he.",他 解释 说 ， “ 采用 体内 遥测技术 曾经 是 绝无 可能 的 ， 因为 无法 将 一个 超小 的 物体 放入 很深 的 地方 。,3,2,1
15fbf0fb-e0d0-413c-87e4-6dc1103aae62,"He explain say, “Using body remote sensing technology 曾经是 impossible 的, 因为 cannot put one 超小的物体 into very deep place.”","""It was utterly impossible to adopt internal telemetry technology in the past, because a tiny object cannot be put into a very deep place,"" explained he.",他 解释 说 ， “ 采用 体内 遥测技术 曾经 是 绝无 可能 的 ， 因为 无法 将 一个 超小 的 物体 放入 很深 的 地方 。,3,2,3
722d7203-7390-4265-af75-6a5d673a9d48,"""以前要用 internal telemetry technology 是完全不可能的，因为一个小东西根本放不进很深的地方,"" 他这样解释。","""It was utterly impossible to adopt internal telemetry technology in the past, because a tiny object cannot be put into a very deep place,"" explained he.",他 解释 说 ， “ 采用 体内 遥测技术 曾经 是 绝无 可能 的 ， 因为 无法 将 一个 超小 的 物体 放入 很深 的 地方 。,3,3,2
5d275535-ce05-45ca-a9c6-9738d7a92ced,"He say, back then, no way leh, cannot put tiny object into deep place because very difficult, he explain.","""It was utterly impossible to adopt internal telemetry technology in the past, because a tiny object cannot be put into a very deep place,"" explained he.",他 解释 说 ， “ 采用 体内 遥测技术 曾经 是 绝无 可能 的 ， 因为 无法 将 一个 超小 的 物体 放入 很深 的 地方 。,1,1,2
86b4d5c6-271a-4a14-bb64-18df02ff3539,"Lah, he say, ""Use internal remote sensing tech used to be impossible, leh, cos cannot put small object into very deep place, ah.""","""It was utterly impossible to adopt internal telemetry technology in the past, because a tiny object cannot be put into a very deep place,"" explained he.",他 解释 说 ， “ 采用 体内 遥测技术 曾经 是 绝无 可能 的 ， 因为 无法 将 一个 超小 的 物体 放入 很深 的 地方 。,2,1,1
24e889f1-8a0d-48ed-be14-4023d4533721,"""它 was utterly impossible for us to adopt internal telemetry technology in the past, 因为 a tiny object cannot be put into a very deep place,"" explained he.","""It was utterly impossible to adopt internal telemetry technology in the past, because a tiny object cannot be put into a very deep place,"" explained he.",他 解释 说 ， “ 采用 体内 遥测技术 曾经 是 绝无 可能 的 ， 因为 无法 将 一个 超小 的 物体 放入 很深 的 地方 。,3,2,3
